Campaign Name,Subject,List,Send Time,Send Weekday,Total Recipients,Unique Placed Order,Placed Order Rate,Revenue,Unique Opens,Open Rate,Total Opens,Unique Clicks,Click Rate,Total Clicks,Unsubscribes,Spam Complaints,Spam Complaints Rate,Successful Deliveries,Bounces,Bounce Rate,Campaign ID,Campaign Channel
NLE_250101_what-really-happens-to-your-skin-during-winter_engaged-profiles-180-days,Winter dimming your glow?,"NLE - Engaged Profiles (120 - 180 Days) No Overlap, NLE - Engaged Profiles (120 Days) No Overlap, NLE - Engaged Profiles (30 Days), NLE - Engaged Profiles (60 Days) No Overlap, NLE - Engaged Profiles (90 Days) No Overlap",2025/1/1 9:00,Wednesday,120741,112,0.09%,13387.47,63528,52.68%,85279,591,0.49%,1004,318,18,0.01%,120589,152,0.13%,01JEP5AVKWH86JHCY8K404ZKZA,Email
NLE_250104_melissa-lawrence-customer-testimonial_engaged-profiles-180-days,Do you know Melissa? ,"NLE - Engaged Profiles (120 - 180 Days) No Overlap, NLE - Engaged Profiles (120 Days) No Overlap, NLE - Engaged Profiles (30 Days), NLE - Engaged Profiles (60 Days) No Overlap, NLE - Engaged Profiles (90 Days) No Overlap",2025/1/4 9:00,Saturday,120020,126,0.10%,13357.46,67331,56.17%,92230,747,0.62%,2336,412,28,0.02%,119877,143,0.12%,01JEP5EYVZQPEWCV9BTHD543GW,Email
NLE_250108_did-you-know-why-skin-ages-faster-in-winter_engaged-profiles-180-days,Does winter age your skin quicker? ,"NLE - Engaged Profiles (120 - 180 Days) No Overlap, NLE - Engaged Profiles (120 Days) No Overlap, NLE - Engaged Profiles (30 Days), NLE - Engaged Profiles (60 Days) No Overlap, NLE - Engaged Profiles (90 Days) No Overlap",2025/1/8 9:00,Wednesday,119044,105,0.09%,12546.47,61853,52.02%,83529,606,0.51%,1107,315,17,0.01%,118900,144,0.12%,01JEP5H5K2S241ETG85CEAG1YK,Email
NLE_250110_confidence-unfiltered_engaged-profiles-180-days,"No filter, no problem,",NLE - Engaged Profiles (120 - 180 Days) No Overlap NLE - Engaged Profiles (120 Days) No Overlap,2025/1/10 9:00,Friday,119661,101,0.08%,13037.37,65551,54.85%,90201,503,0.42%,883,284,27,0.02%,119508,153,0.13%,01JEP5JYRC0S52MGGY42B7KQJD,Email
NLE_250113_future-proof-your-skin-next-gen-peptide-formulas_engaged-profiles-180-days,How to future-proof your glow",NLE - Engaged Profiles (120 - 180 Days) No Overlap NLE - Engaged Profiles (120 Days) No Overlap,2025/1/13 9:00,Monday,119750,66,0.06%,7320.44,65091,54.42%,89851,386,0.32%,650,302,26,0.02%,119613,137,0.11%,01JEP5MVY35RJMGT29VKWASESR,Email
NLE_250115_reclaim-your-radiance_engaged-profiles-180-days,It's self-care season!,"""NLE - Engaged Profiles (120 - 180 Days) No Overlap NLE - Engaged Profiles (120 Days) No Overlap",2025/1/15 9:00,Wednesday,119389,67,0.06%,6618.21,64976,54.48%,90083,353,0.30%,554,285,24,0.02%,119264,125,0.10%,01JEP5PATS7GFXV3B8Z57YWM49,Email
NLE_250117_your-glow-up-map_engaged-profiles-180-days,Are you good with directions? ,"NLE - Engaged Profiles (120 - 180 Days) No Overlap, NLE - Engaged Profiles (120 Days) No Overlap, NLE - Engaged Profiles (30 Days), NLE - Engaged Profiles (60 Days) No Overlap, NLE - Engaged Profiles (90 Days) No Overlap",2025/1/17 9:00,Friday,118376,50,0.04%,5868.93,64255,54.34%,89836,377,0.32%,618,247,15,0.01%,118253,123,0.10%,01JEP5QQTKW6G85TAN0N70ZJKC,Email
NLE_250119_hot-girl-hibernation_engaged-profiles-180-days,It's hot girl hibernation season!,"""NLE - Engaged Profiles (120 - 180 Days) No Overlap NLE - Engaged Profiles (120 Days) No Overlap",2025/1/19 9:00,Sunday,117690,105,0.09%,10578.88,65001,55.29%,91105,687,0.58%,1931,321,18,0.01%,117555,135,0.11%,01JEV5T30V9B66VQCSKVWF50SS,Email
NLE_250123_one-serum-infinite-possibilities_engaged-profiles-120-days,"One serum, infinite possibilities,",NLE - Engaged Profiles (120 Days) No Overlap NLE - Engaged Profiles (30 Days),2025/1/23 9:00,Thursday,112134,68,0.06%,7565.27,64673,57.75%,90780,482,0.43%,761,233,40,0.04%,111990,144,0.13%,01JEV5RG1ZSVZXJQSHG5J74J3X,Email
NLE_250125_nighttime-renewal-retinol-for-the-win_engaged-profiles-120-days,"Go to sleep, wake up glowing,",NLE - Engaged Profiles (120 Days) No Overlap NLE - Engaged Profiles (30 Days),2025/1/25 9:00,Saturday,111344,82,0.07%,9826.74,65743,59.12%,93473,525,0.47%,793,218,24,0.02%,111199,145,0.13%,01JEV5NKNRYZ1FB19AXAA2E78E,Email
NLE_250127_the-beauty-of-progress-celebrate-every-milestone_engaged-profiles-180-days,Can we tell you something? ,"NLE - Engaged Profiles (120 - 180 Days) No Overlap, NLE - Engaged Profiles (120 Days) No Overlap, NLE - Engaged Profiles (30 Days), NLE - Engaged Profiles (60 Days) No Overlap, NLE - Engaged Profiles (90 Days) No Overlap",2025/1/27 9:00,Monday,114489,86,0.07%,10123.58,63453,55.48%,89017,455,0.40%,727,308,25,0.02%,114376,113,0.10%,01JEV5Q4HCZHHJAB8WS852XPZB,Email
NLE_250130_the-domino-effect-of-skin-care_engaged-profiles-180-days,Small steps = big changes,"NLE - Engaged Profiles (120 - 180 Days) No Overlap, NLE - Engaged Profiles (120 Days) No Overlap, NLE - Engaged Profiles (30 Days), NLE - Engaged Profiles (60 Days) No Overlap, NLE - Engaged Profiles (90 Days) No Overlap",2025/1/30 9:00,Thursday,112448,62,0.06%,7707.5,61240,54.51%,86607,405,0.36%,606,198,19,0.02%,112339,109,0.10%,01JEV5M07JXK6NE28AAQWGQKN1,Email
250131_the-annual-archive-sale,The 2025 Archive Sale | Sign up for Access!,[DEP] - 2025 VIP - Archive Messages,2025/1/31 3:00,Friday,17291,50,0.29%,5406.52,11164,64.58%,16012,1116,6.46%,1367,28,6,0.03%,17286,5,0.03%,01JJX8C7W95PFWBEBHX6QWXY3T,Email
250107_Year_of_Snake-exclude-orders,25% Off EVERYTHING for the year of Snake ,"[DEP] - All Engaged Buyers, [DEP] - All Engaged Non Purchasers, [DEP] - All Engaged Repeat Buyers - 365, [DEP] - Fairly Engaged - no mail, [DEP] - Signed up 30 days **DO NOT TOUCH**",2025/1/31 7:45,Friday,69524,114,0.16%,14183.43,46362,66.81%,65739,554,0.80%,834,128,18,0.03%,69395,129,0.19%,01JJXBCGPWMCQDHTG9G7121AYB,Email
250107_Year_of_Snake,25% Off EVERYTHING for the year of Snake ,"[DEP] - All Engaged Buyers, [DEP] - All Engaged Non Purchasers, [DEP] - All Engaged Repeat Buyers - 365, [DEP] - Fairly Engaged - no mail, [DEP] - Signed up 30 days **DO NOT TOUCH**",2025/1/31 7:45,Friday,1701,0,0.00%,0,1045,61.51%,1519,23,1.35%,35,7,0,0.00%,1699,2,0.12%,01JJXAZV6THG1PF2JWXHAJXGZZ,Email
231125_Reminder_Black_Friday_Offer_all_other_repeats (clone),25% Off EVERYTHING for the year of Snake ,[DEP] - HK Warehouse Serving Customers,2025/1/31 8:15,Friday,2225,3,0.14%,225.72,1330,59.86%,1940,36,1.62%,63,4,0,0.00%,2222,3,0.14%,01JD47MJSNHR2QQ7SQPNNQQ2ZN,Email
NLE | 02.02.2025 | Entering the Month of Love,"V-day glow-up? Yes, please!,",NLE - Engaged Profiles (120 Days) No Overlap NLE - Engaged Profiles (30 Days),2025/2/2 9:00,Sunday,103749,58,0.06%,7420.62,58245,56.19%,83159,487,0.47%,769,257,15,0.01%,103653,96,0.09%,01JJ239FCQFZW9TQKYSJP02XBH,Email
250203_the-annual-archive-sale-reminder,This Friday - The Archive Sale | Sign up for Access!,"2024 Archive Sale, [DEP] - 2025 VIP - Archive Messages",2025/2/3 3:15,Monday,16636,23,0.14%,2686.16,10513,63.23%,14907,598,3.60%,733,22,4,0.02%,16627,9,0.05%,01JK4XPQC7SH956VA06TY6RA9F,Email
NLE | 02.05.2025 | "What If?",Skin feeling a little... blah? ,"NLE - Engaged Profiles (120 Days) No Overlap, NLE - Engaged Profiles (30 Days), NLE - Engaged Profiles (60 Days) No Overlap, NLE - Engaged Profiles (90 Days) No Overlap",2025/2/5 9:00,Wednesday,100382,51,0.05%,6169.48,54651,54.50%,78878,446,0.45%,630,217,19,0.02%,100283,99,0.10%,01JJ23AS7T1EZ83MEWBRPNE93J,Email
250207_Last_Reminder,$10 Retinal Serum | Sign up for Access!,"2024 Archive Sale, [DEP] - 2025 VIP - Archive Messages",2025/2/6 3:15,Thursday,16160,35,0.22%,3958.53,10109,62.59%,14472,515,3.19%,694,27,4,0.03%,16151,9,0.06%,01JK7WAXPPSE5RCY294J1XR4DK,Email
250207_Archive_Sale_Launch,Archive Sale is OPEN |  Access $10 Retinal Serum!,Archive Sale 2025,2025/2/7 3:15,Friday,1512,261,17.26%,36013.76,1251,82.74%,2059,753,49.80%,1406,0,0,0.00%,1512,0,0.00%,01JKD9DG7MWQ7ZWARZR7HEKH23,Email
"NLE | 02.07.2025 | Micro Changes, Major Impact",Bad habits = dull skin ,"""NLE - Engaged Profiles (120 Days) No Overlap NLE - Engaged Profiles (30 Days)",2025/2/7 4:00,Friday,98778,59,0.06%,7303.06,53777,54.50%,77737,282,0.29%,529,200,11,0.01%,98681,97,0.10%,01JJ23H6CYHEBRYHGH2V01R5CP,Email
250207_Archive_Sale_Launch_USA,Archive Sale is OPEN |  $9 FDA approved Sunscreen ,[ARCHIVE SALE] USA Customers,2025/2/7 7:45,Friday,1032,53,5.14%,6860.35,828,80.23%,1320,219,21.22%,458,0,0,0.00%,1032,0,0.00%,01JKDB9E55WFEKPQD7P6ATMF0H,Email
250207_Archive_Sale_Launch_Evening,Don't Sleep on THIS! |  Access $10 Retinal Serum!,Archive Sale 2025,2025/2/7 14:15,Friday,1513,49,3.24%,5640,1143,75.55%,1743,237,15.66%,476,0,0,0.00%,1513,0,0.00%,01JKDDYPS2C8QY6KR94CAJGWTP,Email
250208_Archive_Sale_48hrs_left!,Reminder: Archive Sale is ON |  Access $10 Retinal Serum!,Archive Sale 2025,2025/2/8 4:00,Saturday,1829,106,5.80%,13432.5,1352,73.92%,2061,333,18.21%,626,0,2,0.11%,1829,0,0.00%,01JKFY80403E5VSSYADWPFDV8S,Email
250208_Archive_Sale_$15,ARCHIVE SALE |  5 items in the Sale for $10 or less!,Archive Sale 2025,2025/2/8 14:00,Saturday,1829,62,3.39%,6113.09,1418,77.53%,2129,344,18.81%,607,0,0,0.00%,1829,0,0.00%,01JKFZ82YVMK1D88HZMFBKN076,Email
NLE | 02.08.2025 | Did You Know: There's More Than 1 Type of Wrinkle?,TWO kinds of wrinkles?! Help! ,"NLE - Engaged Profiles (120 Days) No Overlap, NLE - Engaged Profiles (30 Days), NLE - Engaged Profiles (60 Days) No Overlap, NLE - Engaged Profiles (90 Days) No Overlap",2025/2/9 4:00,Sunday,98393,54,0.06%,6475.97,53871,54.81%,77468,464,0.47%,806,181,20,0.02%,98290,103,0.10%,01JJ23JWJY7AD1HRP4DK4Y40BA,Email
250209_Archive_Sale_EndsMidnight,Last Chance |  Archive Sale Ends at Midnight!,Archive Sale 2025,2025/2/9 6:00,Sunday,1829,61,3.34%,8001.59,1284,70.24%,1897,217,11.87%,388,1,0,0.00%,1828,1,0.06%,01JKG0PWNVVDBSWBEPTXRAR4BB,Email
250210_Archive_Sale_Last_Chance,Archive Sale | Some items extended for 24 hours!,Archive Sale 2025,2025/2/10 3:30,Monday,1891,38,2.01%,3144.75,1348,71.28%,1996,222,11.74%,365,1,1,0.05%,1891,0,0.00%,01JKR39P8P4N0NVE1S4733S0VD,Email
NLE | 02.12.2025 | Meet "The Skim Doc" - Dr. Jihae Na,What do doctors say about Depology?,"NLE - Engaged Profiles (120 Days) No Overlap, NLE - Engaged Profiles (30 Days), NLE - Engaged Profiles (60 Days) No Overlap, NLE - Engaged Profiles (90 Days) No Overlap",2025/2/12 9:00,Wednesday,90868,51,0.06%,5880.71,46979,51.76%,68381,323,0.36%,549,187,18,0.02%,90764,104,0.11%,01JJ23MBYB7QF1H5VK1T6E8Q72,Email
NLE | 02.14.2025 | The Midnight Makeover,Transform your eyes overnight ,"NLE - Engaged Profiles (120 Days) No Overlap, NLE - Engaged Profiles (30 Days), NLE - Engaged Profiles (60 Days) No Overlap, NLE - Engaged Profiles (90 Days) No Overlap",2025/2/14 9:00,Friday,90108,83,0.09%,10261.28,46985,52.20%,69411,650,0.72%,914,162,23,0.03%,90003,105,0.12%,01JJ24GKQTMQN3B0JC7V3W4EGS,Email
NLE | 02.17.2025 | One Glow To Rule Them All,"Goodbye wrinkles, hello glow!,", NLE - Engaged Profiles (120 Days) No OverlapNLE - Engaged Profiles (30 Days),2025/2/17 9:00,Monday,87622,60,0.07%,6638.28,46705,53.36%,68003,480,0.55%,669,215,12,0.01%,87528,94,0.11%,01JJ23PC0DX4032T485R30ZZG8,Email
250217_HK_warehouse,Asia Exclusive | See our Warehouse Sale !,[DEP] - HK Warehouse Serving Customers,2025/2/17 14:15,Monday,2139,6,0.28%,1015.1,1260,58.96%,1822,58,2.71%,110,7,0,0.00%,2137,2,0.09%,01JM9NY8AF3XFBC8Z8PWX2ZKHZ,Email
NLE | 02.19.2025 | The Micro Miracle,Your skincare just got smarter,"NLE - Engaged Profiles (120 Days) No Overlap, NLE - Engaged Profiles (30 Days), NLE - Engaged Profiles (60 Days) No Overlap, NLE - Engaged Profiles (90 Days) No Overlap",2025/2/19 9:00,Wednesday,87925,86,0.10%,9750.38,45298,51.62%,65243,402,0.46%,599,188,12,0.01%,87757,168,0.19%,01JJ23QBQDYPP9G8KZ5BK2QTXR,Email
250221_Warehouse_Sale-archive,Warehouse Clearance! | Some similar offers to our Archive Sale!,Archive Sale 2025,2025/2/21 3:00,Friday,1834,59,3.22%,6526.2,1459,79.60%,2345,501,27.33%,854,2,0,0.00%,1833,1,0.06%,01JMKKBVBP34KS735NWF8XP3K2,Email
250221_Warehouse_Sale,Warehouse Clearance! |  Access $10 Retinal Serum!,"2024 Archive Sale, VIP Customers, [DEP] - All Engaged Buyers, [DEP] - All Engaged Non Purchasers, [DEP] - All Engaged Repeat Buyers - 365, [DEP] - Fairly Engaged - no mail, [DEP] - Signed up 30 days **DO NOT TOUCH**",2025/2/21 3:15,Friday,81756,273,0.33%,33601.15,55276,67.67%,77523,1446,1.77%,2678,197,17,0.02%,81687,69,0.08%,01JMKJ9NYMMHHNZ4NHQQGQNJKR,Email
250223_Warehouse_Sale_3for2,3 FOR 2! | Time to stock up on your favorites! ,"2024 Archive Sale, Archive Sale 2025, VIP Customers, [DEP] - All Engaged Buyers, [DEP] - All Engaged Non Purchasers, [DEP] - All Engaged Repeat Buyers - 365, [DEP] - Fairly Engaged - no mail, [DEP] - Signed up 30 days **DO NOT TOUCH**",2025/2/23 4:00,Sunday,83377,160,0.19%,23300.92,54915,65.94%,75971,1517,1.82%,2283,173,19,0.02%,83286,91,0.11%,01JMKT6EAEN7BY4ARTHJDCY6KM,Email
NLE | 02.23.2025 | Check Out Jamie Walcott's Regimen,Skincare routine falling flat? ,"NLE - Engaged Profiles (120 - 180 Days) No Overlap, NLE - Engaged Profiles (120 Days) No Overlap, NLE - Engaged Profiles (30 Days), NLE - Engaged Profiles (60 Days) No Overlap, NLE - Engaged Profiles (90 Days) No Overlap",2025/2/24 8:30,Monday,93239,37,0.04%,4190.11,46442,49.86%,67114,324,0.35%,527,205,19,0.02%,93145,94,0.10%,01JJ2403VK3431QDYPDA73PHQW,Email
NLE | 02.21.2025 | Skin Structure: Like Building a Strong Foundation,Building better skin is easy!",NLE - Engaged Profiles (120 Days) No Overlap NLE - Engaged Profiles (30 Days),2025/2/25 8:00,Tuesday,87161,72,0.08%,7394.63,44995,51.67%,65156,279,0.32%,465,226,12,0.01%,87089,72,0.08%,01JJ23RK7HMGKH768KR6PJX570,Email
NLE | 02.28.2025 | The True Cost of Neglecting Skincare,Skipping skincare? Risky move ,One-Time Buyers Zero Purchases in the Last 60 Days,2025/2/28 9:00,Friday,38748,6,0.02%,378.73,24564,63.46%,33763,90,0.23%,137,87,5,0.01%,38706,42,0.11%,01JJ24EH57D6KGV5GM8XVMCK14,Email
NLE | 03.03.2025 | Beauty in Bloom: Spring Radiance Essentials,Spring skin made easy!,"""NLE - Engaged Profiles (120 Days) No Overlap NLE - Engaged Profiles (30 Days)",2025/3/3 9:00,Monday,86900,63,0.07%,8322.84,44272,51.00%,63798,475,0.55%,746,240,18,0.02%,86814,86,0.10%,01JKQKX0SWT17DXDV4STCTH2ZQ,Email
NLE | 03.4.2025 | The True Cost of Neglecting Skincare - RESEND, Your skin is keeping score, NLE - Engaged Profiles (30 Days)"NLE - Engaged Profiles (120 Days) No Overlap,2025/3/5 9:00,Wednesday,70868,41,0.06%,4437.32,31598,44.64%,44695,307,0.43%,540,179,14,0.02%,70792,76,0.11%,01JNGE2M7BSQNPBWFWGGQ82V5P,Email
NLE | 03.07.2025 | Skin That Ignores the Calendar,Ageless skin starts here!, NLE - Engaged Profiles (30 Days)"NLE - Engaged Profiles (120 Days) No Overlap,2025/3/7 9:00,Friday,83893,62,0.07%,7231.79,42583,50.81%,61913,384,0.46%,587,194,11,0.01%,83803,90,0.11%,01JKQH35MT2J7AWRXPT9BSCVFW,Email
250309_Perky_with_Peptides,Perky with Peptides! | Add some 'Pep' to your step ,"[DEP] - All Engaged Buyers, [DEP] - All Engaged Non Purchasers, [DEP] - All Engaged Repeat Buyers - 365, [DEP] - Fairly Engaged - no mail, [DEP] - Signed up 30 days **DO NOT TOUCH**",2025/3/9 4:15,Sunday,82860,88,0.11%,9616.01,58738,70.98%,80785,523,0.63%,776,243,12,0.01%,82756,104,0.13%,01JNJQRS6XBZ12KWMP0VBDMCP6,Email
NLE | 03.11.2025 | Stealing Back Your Best Skin,Did winter snatch your glow? ,"NLE - Engaged Profiles (120 Days) No Overlap, NLE - Engaged Profiles (30 Days), NLE - Engaged Profiles (60 Days) No Overlap, NLE - Engaged Profiles (90 Days) No Overlap",2025/3/11 9:00,Tuesday,82976,64,0.08%,8098.15,43207,52.13%,61981,326,0.39%,864,233,11,0.01%,82885,91,0.11%,01JKQH5HY4DZFNFF1BQF2AP1FH,Email
GlockApps Deliverability Test,Your dream came true... ,GlockApps Deliverability Test,2025/3/12 7:26,Wednesday,77,0,0.00%,0,23,29.87%,24,1,1.30%,5,0,0,0.00%,77,0,0.00%,01JP51M9EZVH1PX8CTD2VV8B2F,Email
NLE | 03.14.2025 | The ArgirelinePeptide,Wrinkles are running scared! ,"NLE - Engaged Profiles (120 Days) No Overlap, NLE - Engaged Profiles (30 Days), NLE - Engaged Profiles (60 Days) No Overlap, NLE - Engaged Profiles (90 Days) No Overlap",2025/3/14 9:00,Friday,79745,69,0.09%,8267.15,40561,50.91%,59135,501,0.63%,773,170,4,0.01%,79667,78,0.10%,01JKTA4SQF67NMSFT0YZ06ZHJ6,Email
[DEP]250316_MOP_Intro_The cream delivers deeper,NEW! | The cream that delivers skincare deeper! ,"[DEP] - All Engaged Buyers, [DEP] - All Engaged Non Purchasers, [DEP] - All Engaged Repeat Buyers - 365, [DEP] - Fairly Engaged - no mail",2025/3/16 5:15,Sunday,80552,119,0.15%,11726.13,56053,69.70%,77289,841,1.05%,1188,202,10,0.01%,80425,127,0.16%,01JNMWN9NAXX8WZ1TPWJ72JD4M,Email
NLE | 03.17.2025 | Kintsugi,Kintsugi for your skin? ,"NLE - Engaged Profiles (120 Days) No Overlap, NLE - Engaged Profiles (30 Days), NLE - Engaged Profiles (60 Days) No Overlap, NLE - Engaged Profiles (90 Days) No Overlap",2025/3/17 9:00,Monday,79154,52,0.07%,5217.13,40274,50.94%,57968,274,0.35%,446,194,12,0.01%,79062,92,0.12%,01JKTA8203NPDMSB9WHKMNDEZF,Email
NLE | 03.19.2025 | The Modern Woman Armor,Self-care isn't what you think it is ,"NLE - Engaged Profiles (120 Days) No Overlap, NLE - Engaged Profiles (30 Days), NLE - Engaged Profiles (60 Days) No Overlap, NLE - Engaged Profiles (90 Days) No Overlap",2025/3/19 9:00,Wednesday,80758,79,0.10%,6227.9,39995,49.59%,57410,270,0.34%,479,185,9,0.01%,80649,109,0.14%,01JKTA9G26SGQBVGQJNX7HHV4V,Email
NLE | 03.21.2025 | Skin-Care Myths Debunked: Anti-Aging Products Are Only for Mature Skin,"""Anti-aging formulas are for old skin"" ,", NLE - Engaged Profiles (30 Days)NLE - Engaged Profiles (120 Days) No Overlap,2025/3/21 9:00,Friday,78113,53,0.07%,5593.34,40575,51.99%,58664,406,0.52%,651,195,6,0.01%,78041,72,0.09%,01JKZM6DPV3AJX7DF7EHD94NDW,Email
250323_2Serums_One_Power_Duo,Our customer sent us this  | Our Peptide Duo ,"[DEP] - All Engaged Buyers, [DEP] - All Engaged Non Purchasers, [DEP] - All Engaged Repeat Buyers - 365, [DEP] - Fairly Engaged - no mail, [DEP] - Signed up 30 days **DO NOT TOUCH**",2025/3/23 5:00,Sunday,81945,82,0.10%,9125.67,58366,71.32%,80485,531,0.65%,991,187,3,0.00%,81832,113,0.14%,01JNJV50BDBMJ3MHDR7DKFV3S4,Email
NLE | 03.24.2025 | Yin & Yang,The eye care hack you need ,"NLE - Engaged Profiles (120 Days) No Overlap, NLE - Engaged Profiles (30 Days), NLE - Engaged Profiles (60 Days) No Overlap, NLE - Engaged Profiles (90 Days) No Overlap",2025/3/24 9:00,Monday,79050,63,0.08%,7261.39,40340,51.08%,58290,447,0.57%,735,200,4,0.01%,78978,72,0.09%,01JKZC4SPQ00N3QKPERA8E6GQ6,Email
[DEP]250326_MOP_Booster_The cream boost your product,ONE CREAM to elevate your ENTIRE routine!,"[DEP] - All Engaged Buyers, [DEP] - All Engaged Non Purchasers, [DEP] - All Engaged Repeat Buyers - 365, [DEP] - Fairly Engaged - no mail, [DEP] - Signed up 30 days **DO NOT TOUCH**",2025/3/26 5:00,Wednesday,80940,58,0.07%,5606.28,55503,68.64%,75887,604,0.75%,876,180,4,0.01%,80866,74,0.09%,01JQ92EXFCZ8G0F0A5418FP8E9,Email
[DEP]250325_RBL_$10Coupon,Your Coupon for Silky Smooth Skin Inside!,[Cayla] - 2503 Body Retinol Coupon - Shopify,2025/3/27 6:00,Thursday,109,1,0.92%,106.59,73,66.97%,126,6,5.50%,11,1,0,0.00%,109,0,0.00%,01JQ3RZ74XDJB5KBGG1XXSSKQM,Email
NLE | 03.27.2025 | Inspired by Oceans,Think your skin is hydrated? ,"NLE - Engaged Profiles (120 Days) No Overlap, NLE - Engaged Profiles (30 Days), NLE - Engaged Profiles (60 Days) No Overlap, NLE - Engaged Profiles (90 Days) No Overlap",2025/3/27 9:00,Thursday,78437,65,0.08%,7275.72,39961,50.98%,57538,305,0.39%,571,164,3,0.00%,78381,56,0.07%,01JKZC5T95WVMA52NZ1SK7YS77,Email
250330_Skin_Prep,3 steps | Prep your skin.. and be AMAZED ,"[DEP] - All Engaged Buyers, [DEP] - All Engaged Non Purchasers, [DEP] - All Engaged Repeat Buyers - 365, [DEP] - Fairly Engaged - no mail, [DEP] - Signed up 30 days **DO NOT TOUCH**",2025/3/30 5:00,Sunday,80601,71,0.09%,8578.17,54258,69.62%,73620,376,0.48%,748,156,15,0.02%,77931,2670,3.31%,01JNR0HFNXKG3TPA0ZBZES5H75,Email
NLE | 03.31.2025 | Undercover Agent of Skincare,Your dream came true... ,"NLE - Engaged Profiles (120 Days) No Overlap, NLE - Engaged Profiles (30 Days), NLE - Engaged Profiles (60 Days) No Overlap, NLE - Engaged Profiles (90 Days) No Overlap",2025/3/31 9:00,Monday,78578,39,0.05%,5757.63,41056,53.42%,58411,391,0.51%,645,155,11,0.01%,76859,1719,2.19%,01JKZC7JFXH52SYZCTRZEDEXRZ,Email
NLE | 04.01.2025 | Proof Over Promises,Better skin starts with us., NLE - Engaged Profiles (30 Days)"NLE - Engaged Profiles (120 Days) No Overlap,2025/4/1 9:00,Tuesday,77563,47,0.06%,5669.19,38996,50.32%,55812,252,0.33%,594,175,9,0.01%,77502,61,0.08%,01JNK61W9TPETH3M9YM4D2SM9P,Email
NLE | 04.03.2025 | The Currency of Collagen,Your collagen account needs a top-up,"NLE - Engaged Profiles (120 Days) No Overlap, NLE - Engaged Profiles (30 Days), NLE - Engaged Profiles (60 Days) No Overlap, NLE - Engaged Profiles (90 Days) No Overlap",2025/4/3 9:00,Thursday,76792,58,0.08%,7230.7,40583,52.89%,58615,479,0.62%,801,170,9,0.01%,76738,54,0.07%,01JNK63MWPYVHKM8FQD1HDMFWR,Email
"NLE | 04.05.2025 | Signs of Life, Not Age",They LIED about your wrinkles, NLE - Engaged Profiles (30 Days)"NLE - Engaged Profiles (120 Days) No Overlap,2025/4/5 9:00,Saturday,76057,54,0.07%,7076,41347,54.40%,60340,322,0.42%,676,142,6,0.01%,76003,54,0.07%,01JNK65QDW3G5X6BQK0399AP82,Email
250406_Eye_Cream_notjustwrinkles,Wrinkles? YES. Youthful Eyes? Also YES! , [DEP] - All Engaged Non Purchasers"[DEP] - All Engaged Buyers,2025/4/6 6:00,Sunday,81161,58,0.07%,7014.73,57765,71.23%,79038,378,0.47%,819,179,8,0.01%,81094,67,0.08%,01JQZVC28B9THP1609KNB98KTZ,Email
"NLE | 04.08.2025 | Your Skin, Your Signature",Generic formulas are stealing your glow... «£,"NLE - Engaged Profiles (120 Days) No Overlap, NLE - Engaged Profiles (30 Days), NLE - Engaged Profiles (60 Days) No Overlap, NLE - Engaged Profiles (90 Days) No Overlap",2025/4/8 9:00,Tuesday,76063,36,0.05%,4066.45,39302,51.70%,56078,242,0.32%,418,177,5,0.01%,76023,40,0.05%,01JNK6778HYYQJPMQ3RNVSPJTT,Email
[DEP]250409_CLM&CLS_Double Cleanse,DO THIS if you wear sunscreen,"[DEP] - All Engaged Buyers, [DEP] - All Engaged Non Purchasers, [DEP] - All Engaged Repeat Buyers - 365, [DEP] - Fairly Engaged - no mail",2025/4/9 5:00,Wednesday,77174,41,0.05%,5736.14,55229,71.59%,75832,398,0.52%,569,132,7,0.01%,77142,32,0.04%,01JRAJ00JNDRDBJQX7AMGNCWAW,Email
NLE | 04.10.2025 | The Perfect Pairing (National Siblings Day),Powerful pairs that transform skin , NLE - Engaged Profiles (30 Days)"NLE - Engaged Profiles (120 Days) No Overlap,2025/4/10 9:00,Thursday,77069,58,0.07%,5919.66,39710,51.57%,57421,356,0.46%,669,177,3,0.00%,77003,66,0.09%,01JNK8E8MBWPKM2605CTM64KAG,Email
250412_Ruined_my_skin,What did she do? "It ruined my skin in a week","[DEP] - All Engaged Buyers, [DEP] - All Engaged Non Purchasers, [DEP] - All Engaged Repeat Buyers - 365, [DEP] - Fairly Engaged - no mail, [DEP] - Signed up 30 days **DO NOT TOUCH**",2025/4/12 7:30,Saturday,81120,34,0.04%,3771.96,59292,73.16%,81213,269,0.33%,517,171,10,0.01%,81041,79,0.10%,01JRMN8R94JX8G29ZF8M94V5MT,Email
2504011_Peptides+Retinoids,Peptides + Retinoids: Can You Use Them Together? ¤”,"[DEP] - All Engaged Buyers, [DEP] - All Engaged Non Purchasers, [DEP] - All Engaged Repeat Buyers - 365, [DEP] - Fairly Engaged - no mail, [DEP] - Signed up 30 days **DO NOT TOUCH**",2025/4/13 5:00,Sunday,80998,66,0.08%,7861.88,58038,71.72%,79240,428,0.53%,768,148,5,0.01%,80927,71,0.09%,01JQZZVQZQP75A178ECGSQDA1R,Email
NLE | 04.14.2025 | The Quiet Luxury of Skincare,Pretty labelled jars won't fix wrinkles ,"NLE - Engaged Profiles (120 Days) No Overlap, NLE - Engaged Profiles (30 Days), NLE - Engaged Profiles (60 Days) No Overlap, NLE - Engaged Profiles (90 Days) No Overlap",2025/4/14 9:00,Monday,77803,23,0.03%,3038.22,41051,52.80%,58923,269,0.35%,579,188,5,0.01%,77742,61,0.08%,01JNK96W50ABDH8K96KE6X5JPG,Email
[DEP]250415_MOP_Microneedling in a jar,Micro-needling in a jar?,"[DEP] - All Engaged Buyers, [DEP] - All Engaged Non Purchasers, [DEP] - All Engaged Repeat Buyers - 365, [DEP] - Fairly Engaged - no mail, [DEP] - Signed up 30 days **DO NOT TOUCH**",2025/4/15 5:00,Tuesday,78402,64,0.08%,6591.61,56008,71.50%,77571,665,0.85%,899,175,5,0.01%,78331,71,0.09%,01JRWFXGES5WZMETJEM1CATFHX,Email
NLE | 04.16.2025 | The Art of the Refill - 2nd Purchase Push,Running out? Big mistake! ,"NLE - Engaged Profiles (120 Days) No Overlap, NLE - Engaged Profiles (30 Days), NLE - Engaged Profiles (60 Days) No Overlap, NLE - Engaged Profiles (90 Days) No Overlap",2025/4/16 9:00,Wednesday,75838,41,0.05%,4693.42,40302,53.18%,57505,345,0.46%,536,196,6,0.01%,75781,57,0.07%,01JNK98DJ3GWJ3HEPN5XYZMXHH,Email
NLE | 04.18.2025 | Beyond the Mirror,What your mirror can't show you... ,"NLE - Engaged Profiles (120 Days) No Overlap, NLE - Engaged Profiles (30 Days), NLE - Engaged Profiles (60 Days) No Overlap, NLE - Engaged Profiles (90 Days) No Overlap",2025/4/18 9:00,Friday,77585,47,0.06%,5107.52,41727,53.83%,59425,229,0.29%,411,185,6,0.01%,77513,72,0.09%,01JNK9ARKFNG3ZASX2658MWXYD,Email
[DEP]250419_PEC&M1_JUST Two Steps to Smoother Eyes,[MULTIPLE VARIATIONS],"[DEP] - All Engaged Buyers, [DEP] - All Engaged Non Purchasers, [DEP] - All Engaged Repeat Buyers - 365, [DEP] - Fairly Engaged - no mail, [DEP] - Signed up 30 days **DO NOT TOUCH**",2025/4/19 9:15,Saturday,80325,44,0.06%,4297.26,58910,73.40%,81219,291,0.36%,573,162,7,0.01%,80259,66,0.08%,01JS3FCWC0SDTCFVQ28H0KP9DJ,Email
NLE | 04.20.2025 | Easter Weekend 15% Sitewide,Now live: Easter Sale ,"NLE - Engaged Profiles (120 - 180 Days) No Overlap, NLE - Engaged Profiles (120 Days) No Overlap, NLE - Engaged Profiles (30 Days), NLE - Engaged Profiles (60 Days) No Overlap, NLE - Engaged Profiles (90 Days) No Overlap",2025/4/20 9:00,Sunday,83621,135,0.16%,17097.83,42556,50.94%,61068,755,0.90%,1528,192,4,0.01%,83542,79,0.09%,01JNK9C6070CWEE6PCWVES7CVT,Email
2504021_Photo_Season,TIPS-Skin Prep for Special Occasions ,"[DEP] - All Engaged Buyers, [DEP] - All Engaged Non Purchasers, [DEP] - All Engaged Repeat Buyers - 365, [DEP] - Fairly Engaged - no mail, [DEP] - Signed up 30 days **DO NOT TOUCH**",2025/4/21 4:15,Monday,79940,67,0.08%,8930.85,58186,72.85%,79343,288,0.36%,474,161,6,0.01%,79870,70,0.09%,01JS3X9Q87R5TPAZAZ3ME3KHR2,Email
[DEP]250423_KBC & NAT & SPF_Spring Sun Summer Spots?,Spring Sun = Summer Spots?,"[DEP] - All Engaged Buyers, [DEP] - All Engaged Non Purchasers, [DEP] - All Engaged Repeat Buyers - 365, [DEP] - Fairly Engaged - no mail, [DEP] - Signed up 30 days **DO NOT TOUCH**",2025/4/23 5:00,Wednesday,76202,32,0.04%,3469.02,53287,69.99%,72663,359,0.47%,535,158,6,0.01%,76135,67,0.09%,01JSECSAF6V11B792W7C9RB968,Email
250424_Body_Care_Crepey_Skin,Crepey Skin? KP Bumps? This $26 Lotion Your Fix!,"[DEP] - All Engaged Buyers, [DEP] - All Engaged Non Purchasers, [DEP] - All Engaged Repeat Buyers - 365, [DEP] - Fairly Engaged - no mail, [DEP] - Signed up 30 days **DO NOT TOUCH**",2025/4/24 4:15,Thursday,78001,82,0.10%,7686.16,55842,71.66%,76643,527,0.68%,777,160,9,0.01%,77928,73,0.09%,01JSE1GPQM8H5Z3BDYGQXV4BPM,Email
NLE | 04.25.2025 | Who Said It?,How's your intuition? ,"NLE - Engaged Profiles (120 Days) No Overlap, NLE - Engaged Profiles (30 Days), NLE - Engaged Profiles (60 Days) No Overlap, NLE - Engaged Profiles (90 Days) No Overlap",2025/4/25 9:00,Friday,78886,32,0.04%,3786.41,44451,56.39%,63541,289,0.37%,502,196,10,0.01%,78828,58,0.07%,01JNK9DHVS39FDH618C6AKQZDQ,Email
[DEP]250426_PSD_Matrixyl + Argireline = This in 28 Days?!,Matrixyl+Argireline This in 28 Days?!,"[DEP] - All Engaged Buyers, [DEP] - All Engaged Non Purchasers, [DEP] - All Engaged Repeat Buyers - 365, [DEP] - Fairly Engaged - no mail, [DEP] - Signed up 30 days **DO NOT TOUCH**",2025/4/26 5:15,Saturday,79319,44,0.06%,4882.66,55139,69.56%,76117,671,0.85%,1000,159,5,0.01%,79262,57,0.07%,01JSGREPZ080TDDQ691TKE7F8P,Email
250427_Parched_for_peptides,Parched for Peptides? quench your skin ,"[DEP] - All Engaged Buyers, [DEP] - All Engaged Non Purchasers, [DEP] - All Engaged Repeat Buyers - 365, [DEP] - Fairly Engaged - no mail, [DEP] - Signed up 30 days **DO NOT TOUCH**",2025/4/27 6:00,Sunday,77686,60,0.08%,7081.07,53195,68.53%,72689,339,0.44%,732,152,7,0.01%,77622,64,0.08%,01JSE5ZZ89H1X993TAKMH3CG9Q,Email
[DEP]250429_STICK_35% off all sticks,35% OFF all serum sticks | Hurry! Expires Soon,[Cayla] - 2504 Stick buyer (all time),2025/4/29 9:00,Tuesday,8099,47,0.58%,3707.19,4816,59.52%,6848,273,3.37%,441,8,1,0.01%,8092,7,0.09%,01JT08YDZ786Q0VHG8ATZRBS8W,Email
NLE | 04.30.2025 | The Text You Wish You Got Back,"""Hey... we need to talk"" ","NLE - Engaged Profiles (120 Days) No Overlap, NLE - Engaged Profiles (30 Days), NLE - Engaged Profiles (60 Days) No Overlap, NLE - Engaged Profiles (90 Days) No Overlap",2025/4/30 9:00,Wednesday,79267,52,0.07%,5919.54,42546,53.72%,59966,247,0.31%,368,188,5,0.01%,79197,70,0.09%,01JNK9GP9V274WZ5Z62V7PVR2V,Email
NLE | 05.02.2025 | SPF Isn't Enough (But Wee Got You Covered),Think sunscreen is all you need? ,"NLE - Engaged Profiles (120 Days) No Overlap, NLE - Engaged Profiles (30 Days), NLE - Engaged Profiles (60 Days) No Overlap, NLE - Engaged Profiles (90 Days) No Overlap",2025/5/2 9:00,Friday,78686,61,0.08%,7562.24,45538,57.92%,65175,335,0.43%,478,180,4,0.01%,78624,62,0.08%,01JQER7RHEQZR8DJJFYWYE83DD,Email
NLE | 05.02.2025 | GlockApps Test,Think sunscreen is all you need? ,NLE | 05022025 GlockApps Test,2025/5/2 12:58,Friday,74,0,0.00%,0,22,29.73%,24,1,1.35%,5,0,0,0.00%,74,0,0.00%,01JT8YPYEPWCXM1YG4CBN5H618,Email
NLE | 05.06.2025 | The Glow Index: What Your Skin Score?,The glow index? Huh? ", NLE - Engaged Profiles (30 Days)NLE - Engaged Profiles (120 Days) No Overlap,2025/5/5 9:00,Monday,78211,52,0.07%,6551.81,42892,54.89%,60982,354,0.45%,561,186,8,0.01%,78138,73,0.09%,01JQERGK80QM0MB5AFA1B6RSHE,Email
NLE | 05.08.2025 | The 5-Year Rule: What Your Future Self Wants You to Start Today,Your future self called...,"NLE - Engaged Profiles (120 Days) No Overlap, NLE - Engaged Profiles (30 Days), NLE - Engaged Profiles (60 Days) No Overlap, NLE - Engaged Profiles (90 Days) No Overlap",2025/5/8 9:00,Thursday,77217,32,0.04%,3854.1,43387,56.66%,61949,339,0.44%,467,169,8,0.01%,76573,644,0.83%,01JQERQ7VQYC9GRJ4F55YNN7RK,Email
[DEP]250509_Peptide Bundle_Mother's day,Shh... Mother Day Picks from the Depology Team,"[DEP] - All Engaged Buyers, [DEP] - All Engaged Non Purchasers, [DEP] - All Engaged Repeat Buyers - 365, [DEP] - Fairly Engaged - no mail, [DEP] - Signed up 30 days **DO NOT TOUCH**",2025/5/9 5:30,Friday,77745,54,0.07%,6430.19,54504,70.17%,74222,484,0.62%,768,120,10,0.01%,77673,72,0.09%,01JTTDDNW2RZHN32J0MSM6D3R3,Email
NLE | 05.10.2025 | Overlooked But Essential: The 1% That Changes Everything,Our secret to exceptional skin ,"NLE - Engaged Profiles (120 Days) No Overlap, NLE - Engaged Profiles (30 Days), NLE - Engaged Profiles (60 Days) No Overlap, NLE - Engaged Profiles (90 Days) No Overlap",2025/5/10 9:00,Saturday,77076,33,0.04%,3662.23,43684,56.73%,62517,314,0.41%,509,143,4,0.01%,77008,68,0.09%,01JQERX82PH9N1266T4F2EWW30,Email
[DEP]250511_MOP_Texture&large pore,Texture & pores on mature skin? Here the fix.", [DEP] - All Engaged Buyers[DEP] - All Engaged Non Purchasers,2025/5/11 5:30,Sunday,76115,39,0.05%,4288.48,54251,71.34%,73922,353,0.46%,564,121,10,0.01%,76047,68,0.09%,01JTYZJKVCDXKR6DFZETRBFN7H,Email
NLE | 05.12.2025 | The ot-So-SecretIngredient to Timeless Skin,The ot-so-secretingredient... ,NLE - Engaged Profiles (120 Days),2025/5/12 9:00,Monday,92931,44,0.05%,4649.36,58305,62.80%,80900,248,0.27%,392,171,8,0.01%,92839,92,0.10%,01JQES1407F5RVB1J8XJWC2CZP,Email
NLE | 05.14.2025 | The Little Things You Didn't Realize Were Aging You,Skincare's glow stealers ,NLE - Engaged Profiles (120 Days),2025/5/14 9:00,Wednesday,92835,59,0.06%,6913.22,56623,61.04%,78722,284,0.31%,393,183,9,0.01%,92763,72,0.08%,01JQES5R24BJEWR6NJR8VS69X2,Email
NLE | 05.16.2025 | The 3PM Mirror Test,Skin dry by lunch? ,NLE - Engaged Profiles (120 Days),2025/5/16 9:00,Friday,92419,46,0.05%,5773.03,55515,60.13%,77097,218,0.24%,331,153,6,0.01%,92331,88,0.10%,01JQESBEKTYGK22DFPM8M8CQ8M,Email
[DEP]250518_MOP_Microneedling cream,Ever heard of a icroneedlingcream?",[DEP] - All Engaged Buyers [DEP] - All Engaged Non Purchasers,2025/5/18 5:15,Sunday,75933,57,0.07%,8808.27,54083,71.28%,73739,456,0.60%,848,113,9,0.01%,75873,60,0.08%,01JVEKFR1T72KBW0Z4TMPZ0Z5M,Email
NLE | 05.20.2025 | Future You is Already Thanking You,A message from your future self? ,NLE - Engaged Profiles (120 Days),2025/5/20 9:00,Tuesday,92052,52,0.06%,6301.5,58922,64.08%,82407,333,0.36%,459,206,4,0.00%,91957,95,0.10%,01JQESFEQ4VWM6KD27WZF11Z0J,Email
[DEP]240521_Memorial_Sale_Launch_1,Memorial Day Sale IS LIVE!  Get 50% Off!,"Archive Sale 2025, [Cayla] 24 Memorial Email Open 2x, [Cayla] Order MOP cream, [DEP] - All Engaged Buyers, [DEP] - All Engaged Non Purchasers, [DEP] - All Engaged Repeat Buyers - 365, [DEP] - Fairly Engaged - no mail, [DEP] - Signed up 30 days **DO NOT TOUCH**",2025/5/21 4:30,Wednesday,87868,240,0.27%,36905.44,60965,69.47%,83040,1121,1.28%,1751,134,9,0.01%,87761,107,0.12%,01JVEXHQSAEMCEAAT7WFBS1764,Email
[DEP]240521_Memorial_Sale_Launch_2,Memorial Day Sale  Don't Miss 50% Off!,"Archive Sale 2025, Matrixyl - Back In Stock, [Cayla] 24 Memorial Email Open 2x, [Cayla] Order MOP cream, [DEP] - All Engaged Buyers, [DEP] - All Engaged Non Purchasers, [DEP] - All Engaged Repeat Buyers - 365, [DEP] - Fairly Engaged - no mail, [DEP] - Signed up 30 days **DO NOT TOUCH**",2025/5/21 8:45,Wednesday,88972,233,0.26%,35487.83,62044,69.82%,84513,1121,1.26%,1817,133,7,0.01%,88858,114,0.13%,01JVEYM2FNCN53G5N8EKWE26TE,Email
[DEP]240522_Memorial_Sale_Peptide serum 3F2,Memorial Day Sale  3 for 2 on Peptide Serums!,"Archive Sale 2025, [Cayla] 24 Memorial Email Open 2x, [DEP] - All Engaged Buyers, [DEP] - All Engaged Non Purchasers, [DEP] - All Engaged Repeat Buyers - 365, [DEP] - Fairly Engaged - no mail, [DEP] - Signed up 30 days **DO NOT TOUCH**",2025/5/22 4:30,Thursday,87602,137,0.16%,20301.12,60051,68.61%,81738,531,0.61%,898,120,6,0.01%,87527,75,0.09%,01JVF05XM42MBC8R0960XD5R4P,Email
NLE | 05.22.2025 | What Your Nightstand Says About You (35% off), Memorialay Savings: 35%ff ,NLE - Engaged Profiles (120 Days),2025/5/22 8:45,Thursday,19381,31,0.16%,3703.18,6747,34.88%,9224,103,0.53%,166,41,1,0.01%,19344,37,0.19%,01JQESKA0JQVJF7F3Y534E38TD,Email
[DEP]240523_Memorial_Sale_Peptide cream 50% off,Memorial Day Sale  50% OFF Peptide Creams!,"Archive Sale 2025, [Cayla] 24 Memorial Email Open 2x, [DEP] - All Engaged Buyers, [DEP] - All Engaged Non Purchasers, [DEP] - All Engaged Repeat Buyers - 365, [DEP] - Fairly Engaged - no mail, [DEP] - Signed up 30 days **DO NOT TOUCH**",2025/5/23 4:30,Friday,87192,187,0.21%,24830.03,61657,70.77%,84687,792,0.91%,1209,129,11,0.01%,87129,63,0.07%,01JVF24K7X27HTXVHRSCJDKQ85,Email
[DEP]240524_Memorial_Sale_Profirming 50% off,Memorial Weekend  NEW OFFER Just Dropped! ,"Archive Sale 2025, [Cayla] 24 Memorial Email Open 2x, [DEP] - All Engaged Buyers, [DEP] - All Engaged Non Purchasers, [DEP] - All Engaged Repeat Buyers - 365, [DEP] - Fairly Engaged - no mail, [DEP] - Signed up 30 days **DO NOT TOUCH**",2025/5/24 5:15,Saturday,87309,128,0.15%,16543.83,62822,72.00%,86176,753,0.86%,1225,133,3,0.00%,87247,62,0.07%,01JVF35Y454JVR7C1N99YAS5A1,Email
[DEP]240525_Memorial_Sale_$9 Sunscreen,Memorial Weekend  SPF for $9? YES!!,"Archive Sale 2025, [Cayla] 24 Memorial Email Open 2x, [DEP] - All Engaged Buyers, [DEP] - All Engaged Non Purchasers, [DEP] - All Engaged Repeat Buyers - 365, [DEP] - Fairly Engaged - no mail, [DEP] - Signed up 30 days **DO NOT TOUCH**",2025/5/25 5:15,Sunday,87172,93,0.11%,11812.54,63121,72.46%,86379,566,0.65%,894,131,8,0.01%,87115,57,0.07%,01JVXJ6RMEX4A5W499ZABTHBEB,Email
[DEP]240525_Memorial_Sale_24 hrs left,Hurry!  Memorial Sale Ends in 24 Hours!,"Archive Sale 2025, [Cayla] 24 Memorial Email Open 2x, [DEP] - All Engaged Buyers, [DEP] - All Engaged Non Purchasers, [DEP] - All Engaged Repeat Buyers - 365, [DEP] - Fairly Engaged - no mail, [DEP] - Signed up 30 days **DO NOT TOUCH**",2025/5/25 14:15,Sunday,87150,103,0.12%,15152.23,63509,72.92%,87493,1438,1.65%,1846,153,8,0.01%,87094,56,0.06%,01JVXNYQGC06765ZPDF38YHEZV,Email
[DEP]240526_Memorial_Sale_Last chance,LAST CHANCE!  Memorial Sale Ends Tonight!,"Archive Sale 2025, [Cayla] 24 Memorial Email Open 2x, [DEP] - All Engaged Buyers, [DEP] - All Engaged Non Purchasers, [DEP] - All Engaged Repeat Buyers - 365, [DEP] - Fairly Engaged - no mail, [DEP] - Signed up 30 days **DO NOT TOUCH**",2025/5/26 4:30,Monday,87009,142,0.16%,21095.17,62116,71.46%,85514,693,0.80%,1091,181,13,0.01%,86920,89,0.10%,01JW2ZZVHHMH3MNEZGF1CS1FB8,Email
NLE | 05.28.2025 | The Science of a Good Skin Day,Bye-bye bad skin days!", NLE - Engaged Profiles (30 Days)NLE - Engaged Profiles (120 Days) No Overlap,2025/5/28 9:00,Wednesday,81445,60,0.07%,7270.81,48164,59.18%,69114,264,0.32%,375,161,8,0.01%,81390,55,0.07%,01JQESVYW4BN4C384JDW2BH3KH,Email
NLE | 06.02.2025 | Skincare vs. Screen Time,Are screens stealing your glow? ,NLE - Engaged Profiles (120 Days),2025/6/2 9:00,Monday,91598,46,0.05%,5890.78,59460,64.98%,84020,249,0.27%,379,191,9,0.01%,91505,93,0.10%,01JTKB3DCGR0MTMNRQ8EA6QR8T,Email
NLE | 06.04.2025 | SPF Isn't Enough,Only SPF? Bad idea!, NLE - Engaged Profiles (120 Days),2025/6/4 9:00,Wednesday,91107,55,0.06%,7367.38,59519,65.39%,84325,351,0.39%,497,192,8,0.01%,91025,82,0.09%,01JTKBE96S1MDSFJ62XFJ7RP2S,Email
NLE | 06.06.2025 | The Science of Soft: How Smooth Skin is Made,Rough skin? Not today! ,NLE - Engaged Profiles (120 Days),2025/6/6 9:00,Friday,90451,69,0.08%,9035.96,58652,64.91%,82855,242,0.27%,387,200,9,0.01%,90361,90,0.10%,01JTKC09QKM4MD5808YEWN1KNN,Email
NLE | 06.10.2025 | This Ingredient Is 10x More Powerful Than You Think,This ingredient = glowing skin,NLE - Engaged Profiles (120 Days),2025/6/10 9:00,Tuesday,87177,42,0.05%,5530.27,53834,61.82%,76278,465,0.53%,666,184,4,0.01%,87083,94,0.11%,01JV7VZ2CGPQ83Z8WS5Y56P33V,Email
NLE | 06.12.2025 | Skincare is the Ultimate Self-Care,Bath bombs? Please. ,NLE - Engaged Profiles (120 Days),2025/6/12 9:00,Thursday,89210,36,0.04%,4678.43,56883,63.84%,80013,246,0.28%,430,200,14,0.02%,89103,107,0.12%,01JTKC9WW3SPEMWAMEM58KH5CN,Email
[DEP]250613_TLM & Matriplex Cream_Summer Dryness,Strong UV + AC = Extreme Dryness? ,"[DEP] - All Engaged Buyers, [DEP] - All Engaged Non Purchasers, [DEP] - All Engaged Repeat Buyers - 365, [DEP] - Fairly Engaged - no mail, [DEP] - Signed up 30 days **DO NOT TOUCH**",2025/6/13 5:00,Friday,75245,32,0.04%,4542,53888,71.70%,74263,185,0.25%,272,137,5,0.01%,75162,83,0.11%,01JXM26DTYQ0B76Y6P5P6TQ4QD,Email
[DEP]250615_Argireline Collection_Wrinkle defense,Stop Covering Up. Start Rejuvenating.,"[DEP] - All Engaged Buyers, [DEP] - All Engaged Non Purchasers, [DEP] - All Engaged Repeat Buyers - 365, [DEP] - Fairly Engaged - no mail, [DEP] - Signed up 30 days **DO NOT TOUCH**",2025/6/15 5:15,Sunday,74826,34,0.04%,4647.51,52598,70.37%,71566,216,0.29%,399,122,5,0.01%,74745,81,0.11%,01JXM6M72AHCEBERXRN0GWXKKX,Email
NLE | 06.16.2025 | Skin Health Bingo,Think you know skincare? ,NLE - Engaged Profiles (120 Days),2025/6/16 5:00,Monday,90988,35,0.04%,3520.38,54658,60.16%,76026,293,0.32%,450,216,10,0.01%,90852,136,0.15%,01JWC2X79NYG78MSXACADRGM6D,Email
[DEP]250618_BIRTHDAY_Instagram Interaction,Wee 4hanks to You ,"[DEP] - All Engaged Buyers, [DEP] - All Engaged Non Purchasers, [DEP] - All Engaged Repeat Buyers - 365, [DEP] - Fairly Engaged - no mail, [DEP] - Signed up 30 days **DO NOT TOUCH**",2025/6/18 5:00,Wednesday,74816,38,0.05%,4876.56,54937,73.49%,75779,328,0.44%,522,170,8,0.01%,74752,64,0.09%,01JY13JDWZBPJ78Y2C0J19P7PT,Email
NLE | 06.18.2025 | Why Your Skin Needs a Good Night Sleep,Poor sleep = poor complexion, NLE - Engaged Profiles (120 Days),2025/6/19 10:00,Thursday,87568,27,0.03%,3641.3,56788,64.92%,79562,241,0.28%,381,194,5,0.01%,87475,93,0.11%,01JTKCFWXEDD3VZV4DANG6S5W9,Email
NLE | 06.20.2025 | Stress Is Aging Your Skin,Free radicals are killing your skin... ,NLE - Engaged Profiles (120 Days),2025/6/20 9:00,Friday,88906,28,0.03%,3217.83,57204,64.40%,79930,282,0.32%,444,219,6,0.01%,88832,74,0.08%,01JTKCKRH8K37TVX3GG2Y1C7W5,Email
[DEP]250621_BIRTHDAY_OUR STORY,Turning 4: Your Story Guides Our Journey,"[DEP] - All Engaged Buyers, [DEP] - All Engaged Non Purchasers, [DEP] - All Engaged Repeat Buyers - 365, [DEP] - Fairly Engaged - no mail, [DEP] - Signed up 30 days **DO NOT TOUCH**",2025/6/21 5:15,Saturday,74395,32,0.04%,3843.45,54365,73.15%,74466,158,0.21%,301,157,8,0.01%,74319,76,0.10%,01JY6G5PWY25YVTDD2W54Q2EAN,Email
[DEP]250622_BIRTHDAY_USER COMMENTS,200+ Messages That Made Our Birthday Special,"[DEP] - All Engaged Buyers, [DEP] - All Engaged Non Purchasers, [DEP] - All Engaged Repeat Buyers - 365, [DEP] - Fairly Engaged - no mail, [DEP] - Signed up 30 days **DO NOT TOUCH**",2025/6/22 5:15,Sunday,74305,58,0.08%,6337.27,53486,72.05%,73000,261,0.35%,484,155,7,0.01%,74232,73,0.10%,01JY76Z28G4PCEXQ0JJYJW9064,Email
NLE | 06.23.2025 | You Are What You Eato What Your Skin Diet?,Skin nutrition made simple,NLE - Engaged Profiles (120 Days),2025/6/23 5:00,Monday,90248,18,0.02%,2419.93,56004,62.15%,78478,187,0.21%,292,252,11,0.01%,90117,131,0.14%,01JWC3DEPZH1HXHMGXASV6K3H6,Email
NLE | 06.25.2025 | Ever Heard of Arbutin?,"Brighter, tighter skin? Yup!",NLE - Engaged Profiles (120 Days),2025/6/25 5:00,Wednesday,89466,32,0.04%,3990.2,56692,63.44%,79175,335,0.38%,520,239,9,0.01%,89356,110,0.12%,01JTKCQSXQB9WSP5QA6D43T5GZ,Email
[DEP]250626_Profirming Night Mask_Sleep Wrinkles,Waits Your Sleep Position Causing Wrinkles?,"[DEP] - All Engaged Buyers, [DEP] - All Engaged Non Purchasers, [DEP] - All Engaged Repeat Buyers - 365, [DEP] - Fairly Engaged - no mail, [DEP] - Signed up 30 days **DO NOT TOUCH**",2025/6/26 5:00,Thursday,73508,22,0.03%,2482.14,53176,72.40%,72871,269,0.37%,492,177,13,0.02%,73445,63,0.09%,01JYN866T22KKWTZ4GB51F7WJK,Email
NLE | 06.27.2025 | How Ceramides Are Your Skin Lock and Key,Hype or hope: Ceramides, NLE - Engaged Profiles (120 Days),2025/6/27 9:00,Friday,91569,18,0.02%,2650.27,59736,65.29%,83294,298,0.33%,504,284,8,0.01%,91494,75,0.08%,01JVTG1J6RDF06W0DQ8QEVGWEP,Email
[DEP]250628_M3K&TLM&UVCARE_Moisturizing Mistake,Are You Making This Moisturizing Mistake?,"[DEP] - All Engaged Buyers, [DEP] - All Engaged Non Purchasers, [DEP] - All Engaged Repeat Buyers - 365, [DEP] - Fairly Engaged - no mail, [DEP] - Signed up 30 days **DO NOT TOUCH**",2025/6/28 5:15,Saturday,72517,16,0.02%,1928.24,51697,71.35%,70286,215,0.30%,410,179,7,0.01%,72455,62,0.08%,01JYRBR2TQPS9ZBVD353XKR9AD,Email
[DEP]250629_NightMask_Simple Skincare Tweaks,Simple Skincare Tweaks = Big Skin Wins,"[DEP] - All Engaged Buyers, [DEP] - All Engaged Non Purchasers, [DEP] - All Engaged Repeat Buyers - 365, [DEP] - Fairly Engaged - no mail, [DEP] - Signed up 30 days **DO NOT TOUCH**",2025/6/29 5:15,Sunday,72433,38,0.05%,4029.06,52380,72.37%,71231,214,0.30%,402,196,10,0.01%,72377,56,0.08%,01JYRC3BR37CGWHZSVFRE1TJ26,Email
[DEP]250702_JULY4TH_Kick OFF,Our July 4th Sale is Live! ,"[DEP] - All Engaged Buyers, [DEP] - All Engaged Non Purchasers, [DEP] - All Engaged Repeat Buyers - 365, [DEP] - Fairly Engaged - no mail, [DEP] - Signed up 30 days **DO NOT TOUCH**",2025/7/2 4:15,Wednesday,83186,249,0.30%,33746.04,61399,73.87%,85583,1390,1.67%,2582,273,11,0.01%,83121,65,0.08%,01JZ596QA6JB7WQJ2HJ01EXS30,Email
[DEP]250703_JULY4TH_MPS 3for2,Get it FREE?4TH OF JULY SALE,"[DEP] - All Engaged Buyers, [DEP] - All Engaged Non Purchasers, [DEP] - All Engaged Repeat Buyers - 365, [DEP] - Fairly Engaged - no mail, [DEP] - Signed up 30 days **DO NOT TOUCH**",2025/7/3 4:15,Thursday,71924,85,0.12%,12416.95,52578,73.17%,72228,544,0.76%,875,198,9,0.01%,71859,65,0.09%,01JZ7P4YB0QAG37V8738K2W584,Email
[DEP]250704_JULY4TH_Matrixyl Bundle,Save $55 on Our FIRST-EVER Bundle4TH OF JULY SALE,"[DEP] - All Engaged Buyers, [DEP] - All Engaged Non Purchasers, [DEP] - All Engaged Repeat Buyers - 365, [DEP] - Fairly Engaged - no mail, [DEP] - Signed up 30 days **DO NOT TOUCH**",2025/7/4 4:15,Friday,71727,71,0.10%,9559.5,52504,73.27%,71977,529,0.74%,992,205,7,0.01%,71658,69,0.10%,01JZA0ZEXBDMTFV0SSC8KT0XM4,Email
[DEP]250705_JULY4TH_Loyalty perk,Your Exclusive VIP Perks Inside 4TH OF JULY SALE,"[DEP] - All Engaged Buyers, [DEP] - All Engaged Non Purchasers, [DEP] - All Engaged Repeat Buyers - 365, [DEP] - Fairly Engaged - no mail, [DEP] - Signed up 30 days **DO NOT TOUCH**",2025/7/5 4:15,Saturday,71216,78,0.11%,10675.67,52551,73.87%,72151,435,0.61%,820,230,4,0.01%,71139,77,0.11%,01JZA6BHQ7CYMN4E2WSGSV6CV0,Email
[DEP]250706_JULY4TH_Under $20,SHOP UNDER $20 4TH OF JULY SALE,"[DEP] - All Engaged Buyers, [DEP] - All Engaged Non Purchasers, [DEP] - All Engaged Repeat Buyers - 365, [DEP] - Fairly Engaged - no mail, [DEP] - Signed up 30 days **DO NOT TOUCH**",2025/7/6 4:15,Sunday,71510,37,0.05%,4831.06,52399,73.35%,71583,412,0.58%,682,247,6,0.01%,71434,76,0.11%,01JZA9JDPY9FMEZMMRTZJTKRH8,Email
[DEP]250706_JULY4TH_Reminder,Last Chance Only 24 Hours Left in Our July 4th Sale,"[DEP] - All Engaged Buyers, [DEP] - All Engaged Non Purchasers, [DEP] - All Engaged Repeat Buyers - 365, [DEP] - Fairly Engaged - no mail, [DEP] - Signed up 30 days **DO NOT TOUCH**",2025/7/6 14:15,Sunday,71444,95,0.13%,14123.63,52872,74.09%,72647,504,0.71%,855,298,5,0.01%,71366,78,0.11%,01JZACJ3ZM29DG30S45C3MR0ZH,Email
"NLE | 07.07.2025 | Red, White & Renewed",More sun = more damage ,NLE - Engaged Profiles (120 Days),2025/7/7 10:00,Monday,32803,16,0.05%,1694.5,18364,56.04%,26309,113,0.34%,205,147,3,0.01%,32769,34,0.10%,01JXFKCGY4X274YG79Y88FEJWX,Email
[DEP]250708_PrimeDay_Kickoff,20% OFF | PRIME DAY IS LIVE,[kyra] US members,2025/7/8 4:15,Tuesday,91260,23,0.03%,2321.03,55904,61.35%,76737,786,0.86%,1207,376,10,0.01%,91121,139,0.15%,01JZM21ZPWQ6F5F5PXG4FKVNBT,Email
[DEP]250710_PrimeDay_Reminder,Prime Day Offers You Shouldn't Miss!,[kyra] US members,2025/7/10 4:15,Thursday,91065,24,0.03%,3033.12,55555,61.23%,75896,768,0.85%,1092,411,9,0.01%,90738,327,0.36%,01JZMHKMPXA8FD5MK8F3C75TAB,Email
NLE | 07.11.2025 | What Actually Causing Your Fine Lines?,What's causing your fine lines?, NLE - Engaged Profiles (120 Days),2025/7/11 10:00,Friday,89948,32,0.04%,4042.56,59250,65.93%,82490,288,0.32%,435,434,10,0.01%,89867,81,0.09%,01JXFJZFBMYWR6PVTFFTQXMM0W,Email
NLE | 07.14.2025 | Mid Day Moisture,AC drying out your skin? ,NLE - Engaged Profiles (120 Days),2025/7/14 9:00,Monday,90083,32,0.04%,3793.42,60459,67.17%,84290,263,0.29%,461,445,12,0.01%,90004,79,0.09%,01JXFJRNXR9HTB9ZWGRHK1JF5J,Email
NLE | 07.16.2025 | Ingredient Quiz Challenge,Are you a skincare expert? ,NLE - Engaged Profiles (120 Days),2025/7/16 9:00,Wednesday,89762,59,0.07%,6072.01,59182,65.99%,82677,599,0.67%,957,473,11,0.01%,89689,73,0.08%,01JXFJ14ZQB50Y7MMT06SZM4YD,Email
[DEP]250717_CLM_Korean cactus without irritation,Korean cactus for makeup removal? ,"[DEP] - All Engaged Buyers, [DEP] - All Engaged Non Purchasers, [DEP] - All Engaged Repeat Buyers - 365, [DEP] - Fairly Engaged - no mail, [DEP] - Signed up 30 days **DO NOT TOUCH**",2025/7/17 5:30,Thursday,74704,12,0.02%,1383.22,55148,73.88%,75820,283,0.38%,523,340,9,0.01%,74644,60,0.08%,01K09D56TF2A8HFABHS7X84G1N,Email
NLE | 07.18.2025 | Can You Guess Which Product Got These Results?,99% of people get this wrong...,NLE - Engaged Profiles (120 Days),2025/7/18 9:00,Friday,89732,37,0.04%,3641.21,59826,66.72%,83356,802,0.89%,1243,505,11,0.01%,89661,71,0.08%,01JXFJMSAX1TJKQW4NQXWM8VY3,Email
NLE | 07.20.2025 | Wrinkle Warrior Bingo,Are you neglecting your skin?, NLE - Engaged Profiles (120 Days),2025/7/20 10:00,Sunday,89292,29,0.03%,3719.5,58443,65.51%,80621,315,0.35%,524,540,8,0.01%,89217,75,0.08%,01JXFHSVZ44EDTY1AGNKMDWEN8,Email
NLE | 07.21.2025 | Battle of the Ingredients: Matrixyl 3000 vs Argireline Peptide,Your glow-up depends on this...,NLE - Engaged Profiles (120 Days),2025/7/21 9:00,Monday,89459,35,0.04%,4335.42,58867,65.88%,81905,241,0.27%,438,557,7,0.01%,89357,102,0.11%,01JXFJ6CTXBSEWNJK5Q46R22RV,Email
NLE | 07.23.2025 | [US Exclusive] Full Protection SPF Sunscreen,Sick of looking like a ¦ž?,NLE - Engaged Profiles (120 Days US only),2025/7/23 9:00,Wednesday,69820,22,0.03%,2448.09,47477,68.05%,65696,156,0.22%,274,426,5,0.01%,69772,48,0.07%,01JXFJBBWQ91BJQJ0K53FKHEDJ,Email
NLE | 07.25.2025 | Have You Claimed Your 20% Discount Yet?,20% off is all YOURS! ,NLE - Engaged Profiles (180 Days),2025/7/25 10:00,Friday,91875,83,0.09%,9094.27,60273,65.66%,84310,824,0.90%,1404,566,12,0.01%,91793,82,0.09%,01JXFJFXTSN5A98G2K7WMB3TX2,Email
NLE | 07.28.2025 | Micro-Operator Boosting Cream,Nature called. We answered.,NLE - Engaged Profiles (120 Days),2025/7/28 9:00,Monday,88269,32,0.04%,3051.23,59708,67.70%,83610,372,0.42%,634,580,3,0.00%,88191,78,0.09%,01JXFK78NCTF1FCSV0AHWYAAMR,Email
[DEP]250730_CLM & Toner & M3K & Matriplex_Dry skin make up prep,Tired of patchy foundation on dry skin?,"[DEP] - All Engaged Buyers, [DEP] - All Engaged Non Purchasers, [DEP] - All Engaged Repeat Buyers - 365, [DEP] - Fairly Engaged - no mail, [DEP] - Signed up 30 days **DO NOT TOUCH**",2025/7/30 5:30,Wednesday,70884,19,0.03%,1847.42,52125,73.61%,71476,219,0.31%,355,366,7,0.01%,70815,69,0.10%,01K1ATH3MCYVHKM6B0G0ZKNT93,Email
NLE | 07.31.2025 | The Skinvestment Report: July Edition,The best ROI for your skin ,NLE - Engaged Profiles (120 Days),2025/7/31 9:00,Thursday,87854,40,0.05%,6107.51,57886,65.95%,80392,248,0.28%,407,554,7,0.01%,87775,79,0.09%,01JXM945Q01KQ57W3FECPG0BD8,Email
NLE | 08.02.2025 | Inbox Spa: Choose Your Chill,At-home spa days? Yes please.,NLE - Engaged Profiles (120 Days),2025/8/2 10:00,Saturday,87833,28,0.03%,3179.62,59824,68.19%,83692,305,0.35%,497,578,9,0.01%,87737,96,0.11%,01JZJK2GQ8Z26DYAVJW2EXVPXC,Email
[DEP]250803_RBL_Keratosis pilaris,"Rough, Bumpy Skin? Try this $26 Body Retinol!","[DEP] - All Engaged Buyers, [DEP] - All Engaged Non Purchasers, [DEP] - All Engaged Repeat Buyers - 365, [DEP] - Fairly Engaged - no mail, [DEP] - Signed up 30 days **DO NOT TOUCH**",2025/8/3 5:30,Sunday,70577,26,0.04%,2469.93,52701,74.78%,72425,223,0.32%,435,411,7,0.01%,70478,99,0.14%,01K1J9HW9N4B802TAY231C3ND5,Email
Inbox Placement Test,The best ROI for your skin Glock Apps Test,,2025/8/4 4:46,Monday,107,0,0.00%,0,24,22.64%,24,2,1.89%,9,0,0,0.00%,106,1,0.94%,01K1T41FRVW7YHTXQ5NC96RZZ3,Email
NLE | 08.05.2025 | The Step Youe Missing (That Your Skin Desperately Wants),Skipping toner? Yikes! ,NLE - Engaged Profiles (120 Days),2025/8/5 9:00,Tuesday,87522,37,0.04%,3596.1,59646,68.22%,83701,365,0.42%,566,637,7,0.01%,87429,93,0.11%,01JZJJZPAM5X5EGKQSH1QPSQ41,Email
NLE | 08.07.2025 | The Patch That Smooths on Contact,Smooth away wrinkles...,NLE - Engaged Profiles (120 Days),2025/8/7 10:00,Thursday,87333,43,0.05%,5662.85,58863,67.47%,82457,330,0.38%,487,676,12,0.01%,87246,87,0.10%,01JZJJW5S1R9Q4AT9G8E41KJHX,Email
[DEP]_250809_MOP_Microneedling cream_A/B,[MULTIPLE VARIATIONS],"[DEP] - All Engaged Buyers, [DEP] - All Engaged Non Purchasers, [DEP] - All Engaged Repeat Buyers - 365, [DEP] - Fairly Engaged - no mail, [DEP] - Signed up 30 days **DO NOT TOUCH**",2025/8/9 9:15,Saturday,69672,28,0.04%,3442.99,53147,76.38%,73914,476,0.68%,906,479,8,0.01%,69586,86,0.12%,01K24BTCZXW8EGW6ZQGPJWY9Y2,Email
"NLE | 08.10.2025 | What 1,000 Women Are Saying",Our formulas = life-changing ,NLE - Engaged Profiles (120 Days),2025/8/10 9:00,Sunday,87021,55,0.06%,6850.47,59117,68.01%,82523,295,0.34%,497,724,11,0.01%,86926,95,0.11%,01JZJJP5984W8P1E5B6D3RM7XN,Email
NLE | 08.13.2025 | Guess the Ingredient,90% of people fail this test, NLE - Engaged Profiles (120 Days),2025/8/13 9:00,Wednesday,86814,29,0.03%,2848.82,58111,67.01%,80761,447,0.52%,698,698,9,0.01%,86726,88,0.10%,01JZN5SVW3MTAFMNNDW6BDMYM3,Email
[DEP]_250815_RBL_Retinol power for body_A/B,[MULTIPLE VARIATIONS],"[DEP] - All Engaged Buyers, [DEP] - All Engaged Non Purchasers, [DEP] - All Engaged Repeat Buyers - 365, [DEP] - Fairly Engaged - no mail, [DEP] - Signed up 30 days **DO NOT TOUCH**",2025/8/15 5:00,Friday,69065,25,0.04%,2122.92,50636,73.42%,69132,335,0.49%,602,510,12,0.02%,68969,96,0.14%,01K2HD2PQTXVRX5W55MMTH3ZEW,Email
NLE | 08.16.2025 | $40 and Under: Skincare That Works,"Glow more, spend less ",NLE - Engaged Profiles (120 Days),2025/8/16 9:00,Saturday,86461,42,0.05%,5090.3,60052,69.53%,84026,394,0.46%,754,697,10,0.01%,86367,94,0.11%,01JZN5PRJNPHX055QA8MMMVY1Y,Email
[DEP]250817_Summer_Sale_Launch_Yearly,25% OFF EVERYTHING![DEP] - Yearly Customers - order gap,,2025/8/17 5:15,Sunday,16306,46,0.28%,4536.24,10579,64.99%,14661,263,1.62%,642,115,6,0.04%,16279,27,0.17%,01K2VECJVFCW36KKB7DB0QZDHD,Email
[DEP]250817_Summer_Sale_Launch_Yearly Repeat,20% OFF EVERYTHING![DEP] - Yearly Repeat Customers - order gap,,2025/8/17 5:15,Sunday,4642,52,1.12%,6988.97,3039,65.58%,4387,227,4.90%,515,34,1,0.02%,4634,8,0.17%,01K2PM1XX8SXVQP1X0XVCA3Z7D,Email
[DEP]250818_Summer_Sale_Reminder_Yearly,25% Off Ends Midnight! ,[DEP] - Yearly Customers - order gap,2025/8/18 10:15,Monday,16154,29,0.18%,3224.93,10438,64.69%,14387,348,2.16%,536,129,5,0.03%,16136,18,0.11%,01K2XKY6A71TVW149J6XKYJME5,Email
[DEP]250817_Summer_Sale_Reminder_Yearly Repeat,20% Off Ends Midnight! ,[DEP] - Yearly Repeat Customers - order gap,2025/8/18 10:15,Monday,4557,38,0.83%,4191.44,2989,65.62%,4280,195,4.28%,370,31,1,0.02%,4555,2,0.04%,01K2XHVBZJ2V4N66EAG09CV8DW,Email
NLE | 08.19.2025 | The Balm That Does It All,Fine lines? Redness? Dryness? ,NLE - Engaged Profiles (120 Days),2025/8/19 9:00,Tuesday,81589,17,0.02%,1968.32,54390,66.75%,75400,266,0.33%,450,664,8,0.01%,81486,103,0.13%,01JZN5KS048M0CRPR4GD99VFC0,Email
NLE | 08.21.2025 | What Your Skincare Personality?,What's your skincare personality? ,"NLE | Deliverability Segment ( 20days - hotmail/outlook, office365), NLE | Deliverability Segment All Other Emails (180days)",2025/8/21 9:00,Thursday,95144,26,0.03%,2847.28,65019,68.41%,88455,237,0.25%,378,727,15,0.02%,95044,100,0.10%,01JZN5GEBBXYGVN9B1MXZWGEB9,Email
[DEP]250822_MOP & MTP & RTN _Retinol burned you before?,Retinol left you red?,"[DEP] - All Engaged Buyers, [DEP] - All Engaged Non Purchasers, [DEP] - All Engaged Repeat Buyers - 365, [DEP] - Fairly Engaged - no mail, [DEP] - Signed up 30 days **DO NOT TOUCH**",2025/8/22 5:30,Friday,67816,19,0.03%,1893.15,50988,75.26%,70167,219,0.32%,363,464,10,0.01%,67753,63,0.09%,01K38AX882VG01VXM66HPWXFWT,Email
NLE | 08.23.2025 | The One Product You Take to a Desert Island,Our customers can't live without it, "NLE | Deliverability Segment ( 20days - hotmail/outlook office365) NLE | Deliverability Segment All Other Emails (180days)",2025/8/23 9:00,Saturday,93786,30,0.03%,3635.44,64884,69.24%,88168,880,0.94%,1341,643,13,0.01%,93704,82,0.09%,01JZN5D354DSSCPW4SF9P1NTR9,Email
NLE | 08.26.2025 | Your Glow-Up Starts With Cleansing,Your dream cleanser? Found it. ,"NLE | Deliverability Segment ( 20days - hotmail/outlook, office365), NLE | Deliverability Segment All Other Emails (180days)",2025/8/26 9:00,Tuesday,92788,23,0.03%,2256.48,65084,70.20%,88893,314,0.34%,475,575,14,0.01%,92707,81,0.09%,01JZN595CVY10S1P29AQGS41F1,Email
NLE | 08.28.2025 | The Clinical Powerhouse Evening Duo,Better skin in 2 steps,NLE - Engaged Profiles (120 Days),2025/8/28 9:00,Thursday,85987,50,0.06%,5402.51,57452,67.06%,79645,446,0.52%,655,495,14,0.02%,85667,320,0.37%,01JZN5WK322WR38ZQHWDBYXTTT,Email
[DEP]250829_Labor day_Retinol cream,25% OFF EVERYTHING! | LABOR DAY SALE,"Back In Stock Retinol Cream, Cayla - Retinol cream - ordered - yearly, [DEP] - All Engaged Buyers, [DEP] - All Engaged Non Purchasers, [DEP] - All Engaged Repeat Buyers - 365, [DEP] - Fairly Engaged - no mail, [DEP] - Signed up 30 days **DO NOT TOUCH**",2025/8/29 4:30,Friday,57374,105,0.18%,12495.58,40072,70.11%,54844,582,1.02%,1062,272,7,0.01%,57155,219,0.38%,01K3Q8J23XYFTQGHX1YYPH1B4T,Email
[DEP]250830_Labor day_Triple lipid,25% OFF + FLASH DEALS | LABOR DAY SALE CONTINUES!,"Back In Stock Retinol Cream, Cayla - Retinol cream - ordered - yearly, Triple Lipid Moisturizer Back In Stock, [DEP] - All Engaged Buyers, [DEP] - All Engaged Non Purchasers, [DEP] - All Engaged Repeat Buyers - 365, [DEP] - Fairly Engaged - no mail, [DEP] - Signed up 30 days **DO NOT TOUCH**",2025/8/30 4:30,Saturday,57631,89,0.15%,10450.84,41188,71.72%,56489,506,0.88%,950,277,7,0.01%,57428,203,0.35%,01K3SWSTZW343SGQAAGS94CAPW,Email
[DEP]250831_Labor day_Peptide stick,ENDS TONIGHT | LABOR DAY SALE,"Back In Stock Retinol Cream, Cayla - Retinol cream - ordered - yearly, Peptide Complex Eye Cream Back In Stock, Triple Lipid Moisturizer Back In Stock, [DEP] - All Engaged Buyers, [DEP] - All Engaged Non Purchasers, [DEP] - All Engaged Repeat Buyers - 365, [DEP] - Fairly Engaged - no mail, [DEP] - Signed up 30 days **DO NOT TOUCH**",2025/8/31 4:30,Sunday,58192,134,0.23%,15879.05,41375,71.34%,56478,520,0.90%,934,292,4,0.01%,57998,194,0.33%,01K3THHG4VW5F07E3M6R4FQ1ST,Email
NLE | 09.02.2025 | Skin Barrier Reset,Damaged skin? Not today! ,"""NLE | Deliverability Segment ( 20days - hotmail/outlook office365) NLE | Deliverability Segment All Other Emails (180days)""",2025/9/2 9:00,Tuesday,93396,36,0.04%,3160.94,64012,68.73%,87592,281,0.30%,439,424,14,0.01%,93131,265,0.28%,01K24S4JTRP50A62RCHMGKTX7X,Email
NLE | 09.04.2025 | Eye Zone Hero,Tired eyes meet your match ,"NLE | Deliverability Segment ( 20days - hotmail/outlook, office365), NLE | Deliverability Segment All Other Emails (180days)",2025/9/4 9:00,Thursday,93396,44,0.05%,2108.95,63890,68.65%,87195,402,0.43%,701,356,12,0.01%,93071,325,0.35%,01K24R4V7RSAA8RQKQQ5HE9XSR,Email
NLE | 09.06.2025 | What Skincare Looks Like in Your 30s vs. 50s,"Your age, your skincare: decoded §¬","NLE | Deliverability Segment ( 20days - hotmail/outlook, office365), NLE | Deliverability Segment All Other Emails (180days)",2025/9/6 9:00,Saturday,93214,34,0.04%,4459.73,64641,69.59%,88677,479,0.52%,851,314,10,0.01%,92890,324,0.35%,01K24S28SBFY6TB5DSPR7S959B,Email
[DEP]250908_MOP_Is your serum blocked,It not your serum fault", [DEP] - All Engaged Buyers[DEP] - All Engaged Non Purchasers; [DEP] - All Engaged Repeat Buyers - 365; [DEP] - Fairly Engaged - no mail; [DEP] - Signed up 30 days **DO NOT TOUCH**",2025/9/8 7:30,Monday,66172,16,0.02%,1772.62,50259,76.19%,69715,387,0.59%,642,193,12,0.02%,65965,207,0.31%,01K4M5B0P4293N34KZ64JPJ8HY,Email
NLE | 09.09.2025 | Bakuchiol Boost,Sensitive skin? We got you!,"""NLE | Deliverability Segment ( 20days - hotmail/outlook office365); NLE | Deliverability Segment All Other Emails (180days)""",2025/9/9 9:00,Tuesday,92752,33,0.04%,5132.39,63905,69.08%,87365,245,0.27%,336,274,6,0.01%,92504,248,0.27%,01K24R7F8E9VXN57BR4N90JQ35,Email
NLE | 09.11.2025 | 3 Skincare Habits That Are Secretly Aging You,3 mistakes killing your glow!,"NLE | Deliverability Segment ( 20days - hotmail/outlook, office365), NLE | Deliverability Segment All Other Emails (180days)",2025/9/11 9:00,Thursday,91719,19,0.02%,2202.51,63389,69.39%,87112,329,0.36%,464,191,12,0.01%,91352,367,0.40%,01K24RA04V50N65JWXX07AM065,Email
NLE | 09.13.2025 | This Ingredient Is Retinol Gentler (But Powerful) Cousin,Sensitive to retinol? Try this instead...,"NLE | Deliverability Segment ( 20days - hotmail/outlook, office365), NLE | Deliverability Segment All Other Emails (180days)",2025/9/13 9:00,Saturday,91451,27,0.03%,3271.23,62515,68.69%,85850,336,0.37%,470,183,9,0.01%,91006,445,0.49%,01K24RCQS9K4PCCGYEM68T0H04,Email
[DEP]250914_RBO_New launch,NEW IN | 1% Pure Retinol Face Oil,"[DEP] - All Engaged Buyers, [DEP] - All Engaged Non Purchasers, [DEP] - Fairly Engaged - no mail, [DEP] - Signed up 30 days **DO NOT TOUCH**",2025/9/14 5:30,Sunday,59417,12,0.02%,1029.09,44588,75.47%,61213,267,0.45%,355,117,9,0.01%,59082,335,0.56%,01K4YF5YTM3M439YSECS35TQ8C,Email
NLE | 09.16.2025 | Skincare Most Googled Questions,"Your top skincare questions, solved,",NLE | Deliverability Segment ( 20days - hotmail/outlook office365); NLE | Deliverability Segment All Other Emails (180days)",2025/9/16 9:00,Tuesday,92012,36,0.04%,4807.65,63208,68.92%,86808,289,0.32%,426,161,9,0.01%,91718,294,0.32%,01K24RMEY60Y70HF0NWBZKKEMX,Email
NLE | 09.18.2025 | What Happens If You Stop Using Anti-Aging Products?,No consistency = no results ,"""NLE | Deliverability Segment ( 20days - hotmail/outlook office365); NLE | Deliverability Segment All Other Emails (180days)""",2025/9/18 9:00,Thursday,91444,33,0.04%,3271.63,63004,69.19%,86493,301,0.33%,395,178,10,0.01%,91056,388,0.42%,01K24RF8VDZCG9A6XDPNN1K99J,Email
NLE | 09.20.2025 | Youe Using Hyaluronic Acid Wrong,Are you using hyaluronic acid wrong?,"NLE | Deliverability Segment ( 20days - hotmail/outlook, office365), NLE | Deliverability Segment All Other Emails (180days)",2025/9/20 9:00,Saturday,91051,32,0.03%,4242.31,60159,66.45%,82500,502,0.56%,859,138,6,0.01%,90527,524,0.58%,01K24RJ63RDGTRYTV5RKYCYJR8,Email
[DEP]250921_RBO_Pure retinol won't hurt,What if retinol never hurt again?,,2025/9/21 5:30,Sunday,58791,7,0.01%,572.79,41782,71.56%,57035,194,0.33%,267,95,6,0.01%,58387,404,0.69%,01K5FZJT9XES55QRZKMAV4P8V9,Email
NLE | 09.23.2025 | Nighttime Renewal,Better skin while you sleep? Yup! ,"NLE | Deliverability Segment ( 20days - hotmail/outlook, office365), NLE | Deliverability Segment All Other Emails (180days)",2025/9/23 9:00,Tuesday,90503,39,0.04%,4488.17,58451,64.79%,79502,346,0.38%,546,148,8,0.01%,90213,290,0.32%,01K24RRVQCT6GKC2YP2XFB0CVE,Email
NLE | 09.25.2025 | Why We Don't Use Trendy Ingredients,Trendy ingredients? Never! ,"""NLE | Deliverability Segment ( 20days - hotmail/outlook office365); NLE | Deliverability Segment All Other Emails (180days)""",2025/9/25 9:00,Thursday,90303,35,0.04%,3647.8,58001,64.48%,78820,280,0.31%,398,161,4,0.00%,89947,356,0.39%,01K24RVF8BCV9RWMJWHHVQTW62,Email
NLE | 09.28.2025 | What If Your Skin Could Talk Back?,What your skin been dying to say ,"NLE | Deliverability Segment ( 20days - hotmail/outlook, office365), NLE | Deliverability Segment All Other Emails (180days)",2025/9/28 9:00,Sunday,90195,61,0.07%,6952.79,58279,64.95%,79288,318,0.35%,453,224,5,0.01%,89728,467,0.52%,01K24RZ78AT93BXYNHAM26921X,Email
[DEP]251001_Fall sale_Launch,UP TO 50% OFF your fall skincare,[Dep] - touchpoint - non-purchased - 120 days,2025/10/1 4:15,Wednesday,32874,9,0.03%,1095.18,20202,61.86%,27407,187,0.57%,558,62,1,0.00%,32657,217,0.66%,01K5WTE3ACQYQXMJ8FEGYB6HRC,Email
[DEP]251003_Fall sale_Reminder,50% OFF best sellers ends tonight!,[Dep] - touchpoint - non-purchased - 120 days,2025/10/3 4:00,Friday,32791,4,0.01%,524.3,19952,61.19%,27192,167,0.51%,571,74,1,0.00%,32606,185,0.56%,01K5XDVR3DQP2QTFXZXMWAW62R,Email
[DEP]251008_MOP_No needle no problem,Firmer Skin. Zero Fuss.,"""NLE | Deliverability Segment ( 20days - hotmail/outlook office365); NLE | Deliverability Segment All Other Emails (180days)""",2025/10/8 9:00,Wednesday,89827,36,0.04%,4566.93,59105,66.12%,81100,656,0.73%,975,161,7,0.01%,89394,433,0.48%,01K603DZF2WAFASEMQWGGGQ378,Email
[DEP]251010_Eye_Tiny zone stealing your youth,[MULTIPLE VARIATIONS],"NLE | Deliverability Segment ( 20days - hotmail/outlook, office365), NLE | Deliverability Segment All Other Emails (180days)",2025/10/10 9:00,Friday,89393,36,0.04%,4306.05,58729,65.97%,80138,342,0.38%,604,155,7,0.01%,89017,376,0.42%,01K69Q165YJG21E2CNEA7FGTAM,Email
[DEP]251012_RTC_Skin memory,[MULTIPLE VARIATIONS],"NLE | Deliverability Segment ( 20days - hotmail/outlook, office365), NLE | Deliverability Segment All Other Emails (180days)",2025/10/12 9:00,Sunday,88551,37,0.04%,3859.24,60077,68.08%,82543,348,0.39%,504,173,8,0.01%,88242,309,0.35%,01K6A9MYJEW52MF5255X9715EH,Email
Clone NLE | 08.31.2025 | Swipe Right on Better Skin,Meet your skincare soulmate ,NLE - Engaged Profiles (120 Days),2025/10/15 9:00,Wednesday,84757,41,0.05%,5589.04,53982,63.90%,74576,342,0.40%,521,128,6,0.01%,84481,276,0.33%,01K7JV07VSY62ZANZ8Q2WK8EVC,Email
[DEP]251017_Peptide series_The 3 seconds skin test,Try this 3-second skin check,"""NLE | Deliverability Segment ( 20days - hotmail/outlook office365) NLE | Deliverability Segment All Other Emails (180days)""",2025/10/17 9:00,Friday,88273,35,0.04%,3880.82,56928,64.66%,77645,377,0.43%,622,119,6,0.01%,88042,231,0.26%,01K7P47HJWWKT65DK8S7TNQXH6,Email
[DEP]251019_Peptide&Retinol_28 day collagen challenge,The 28-day collagen challenge,"""NLE | Deliverability Segment ( 20days - hotmail/outlook office365) NLE | Deliverability Segment All Other Emails (180days)""",2025/10/19 9:00,Sunday,88174,43,0.05%,5232.66,56466,64.19%,77005,441,0.50%,694,164,1,0.00%,87966,208,0.24%,01K7RNWBD1J96KSYZWQDHE9W6Q,Email
[DEP]251021_Triple lipid_Fall skinacre mistake,Fall skin SOS: the one mistake to avoid,"NLE | Deliverability Segment ( 20days - hotmail/outlook, office365), NLE | Deliverability Segment All Other Emails (180days)",2025/10/21 9:00,Tuesday,85532,18,0.02%,2020.27,55470,64.94%,75757,284,0.33%,397,132,7,0.01%,85421,111,0.13%,01K83260S3C9MZ280PSF0SCW1G,Email
[DEP]251022_Early access_Founder,A message from Alex Your Black Friday VIP invitation,"2024 Archive Sale, Early Bird BFCM 2022, Early Bird BFCM 2023, Repeat Buyers, VIP Customers, [DEP] - All Customers - Engaged, [DEP] - All Engaged Buyers, [DEP] - All Engaged Non Purchasers, [DEP] - All Engaged Repeat Buyers - 365, [DEP] Place order in 30 days",2025/10/22 5:00,Wednesday,88480,41,0.05%,4335.04,64699,73.53%,94995,2725,3.10%,3305,237,4,0.01%,87990,490,0.55%,01K82B4TX0EDATZR9XCPHRST81,Email
[DEP]241025_Early access_VIP offer,See what our team picked for VIPs this Black Friday,"2024 Archive Sale, Early Bird BFCM 2022, Early Bird BFCM 2023, Early Bird BFCM 2024, Repeat Buyers, VIP Customers, [DEP] - All Customers - Engaged, [DEP] - All Engaged Buyers, [DEP] - All Engaged Non Purchasers, [DEP] - All Engaged Repeat Buyers - 365, [DEP] Place order in 30 days",2025/10/25 4:45,Saturday,88258,34,0.04%,3777.3,60208,68.47%,84345,1345,1.53%,1931,150,8,0.01%,87929,329,0.37%,01K85CDJ9CAFNJD3K0X46C38FD,Email
"[DEP]251028_M3k, cica, blue eye_The 7am rush","Tired, red, puffy skin at 7AM,",NLE | Deliverability Segment ( 20days - hotmail/outlook office365); NLE | Deliverability Segment All Other Emails (180days)",2025/10/28 9:00,Tuesday,88401,38,0.04%,4452.46,56812,64.35%,77921,358,0.40%,541,104,5,0.01%,88288,113,0.13%,01K883AS7EHV4XCHCXQWPEQ4T4,Email
"[DEP]251030_M1, MOP, NAT_You made our products smarter",She used our eye patch on smile lines... and it worked!,"NLE | Deliverability Segment ( 20days - hotmail/outlook, office365), NLE | Deliverability Segment All Other Emails (180days)",2025/10/30 9:00,Thursday,88541,29,0.03%,2817.42,56324,63.69%,77399,380,0.43%,542,129,6,0.01%,88433,108,0.12%,01K8ARP8XTKD3S8D4G8NQV5HZ7,Email
[DEP]251031_Not on sale_Launch,15% Off Everything!,"Early Bird BFCM 2022, Early Bird BFCM 2023, Early Bird BFCM 2024, Early Bird BFCM 2025 - Email, Potential Purchasers, Repeat Buyers, VIP Customers, [DEP] - All Engaged Buyers, [DEP] - All Engaged Non Purchasers, [DEP] - All Engaged Repeat Buyers - 365",2025/10/31 4:15,Friday,83119,113,0.14%,13645.23,54176,65.29%,74910,805,0.97%,1344,85,5,0.01%,82972,147,0.18%,01K8J7MG7C401J0Y3K1S1133Y8,Email
[DEP]251102_Not on sale_Reminder,Ends tonight: 15% Off everything!,"Early Bird BFCM 2022, Early Bird BFCM 2023, Early Bird BFCM 2024, Early Bird BFCM 2025 - Email, Potential Purchasers, Repeat Buyers, VIP Customers, [DEP] - All Engaged Buyers, [DEP] - All Engaged Non Purchasers, [DEP] - All Engaged Repeat Buyers - 365",2025/11/2 8:00,Sunday,83003,78,0.09%,8480.25,54759,66.11%,75444,699,0.84%,2298,120,4,0.01%,82836,167,0.20%,01K8JD00ZDEGZTMJ0GSZ7G0VHC,Email
[DEP]251104_Early access_Up to 70% off bs,’ŒExclusive invitation your VIP access awaits!,"NLE | Deliverability Segment ( 20days - hotmail/outlook, office365), NLE | Deliverability Segment All Other Emails (180days)",2025/11/4 9:00,Tuesday,85148,14,0.02%,1634.36,54408,63.97%,74624,724,0.85%,974,126,4,0.01%,85049,99,0.12%,01K93YM19QXNCDTVT5NVMJ20WA,Email
[DEP]251106_Cleanser_Tight skin clean skin?,Is your cleanser working too hard?¤”,"NLE | Deliverability Segment ( 20days - hotmail/outlook, office365), NLE | Deliverability Segment All Other Emails (180days)",2025/11/6 9:00,Thursday,87381,18,0.02%,2218.51,56578,64.82%,77666,269,0.31%,440,110,4,0.01%,87284,97,0.11%,01K96J8GAMXYE2T3CSH228WD9C,Email
[DEP]251107_Early access_Founder faves,A note from Alex My top 2 Depology picks this season,"2024 Archive Sale, Archive Sale 2025, Early Bird BFCM 2022, Early Bird BFCM 2023, Early Bird BFCM 2024, Repeat Buyers, VIP Customers, [DEP] - All Customers - Engaged, [DEP] - All Engaged Buyers, [DEP] - All Engaged Non Purchasers, [DEP] - All Engaged Repeat Buyers - 365, [DEP] Place order in 30 days",2025/11/7 4:00,Friday,84491,29,0.03%,2703.46,58084,68.96%,82096,637,0.76%,943,206,12,0.01%,84225,266,0.32%,01K96S6WTATKG31QET4VG2J1PA,Email
[DEP]251109_MOP_Microneedling 101,Your guide to the "microneedling cream","NLE | Deliverability Segment ( 20days - hotmail/outlook, office365), NLE | Deliverability Segment All Other Emails (180days)",2025/11/9 9:00,Sunday,87344,43,0.05%,4450.54,56772,65.07%,78719,595,0.68%,853,136,5,0.01%,87243,101,0.12%,01K9HFYQMD695F3FYTAVF3MHVC,Email
[DEP]251111_Early access_Not on VIP list yet?,All these VIP perks with one click?,"2024 Archive Sale, Archive Sale 2025, Early Bird BFCM 2022, Early Bird BFCM 2023, Early Bird BFCM 2024, Potential Purchasers, Repeat Buyers, VIP Customers, [DEP] - All Engaged Buyers, [DEP] - All Engaged Non Purchasers, [DEP] - All Engaged Repeat Buyers - 365",2025/11/11 3:30,Tuesday,80343,14,0.02%,1847.01,52050,64.87%,71269,611,0.76%,837,94,5,0.01%,80232,111,0.14%,01K9HHX76VHS9SRQC77XDCX5EJ,Email
[DEP]251112_Sticks_Tight skin clean skin?,"Dry skin at 30,000 feet? We fixed it.","NLE | Deliverability Segment ( 20days - hotmail/outlook, office365), NLE | Deliverability Segment All Other Emails (180days)",2025/11/12 9:00,Wednesday,86968,42,0.05%,5404.15,56648,65.21%,77922,384,0.44%,566,108,10,0.01%,86875,93,0.11%,01K9KRYNER10T8GZG6XK15GGYQ,Email
[DEP]251114_Early access_This time next week,VIP list almost full Reserve your spot!,"2024 Archive Sale, Archive Sale 2025, Early Bird BFCM 2022, Early Bird BFCM 2023, Early Bird BFCM 2024, VIP Customers, [Cayla] - Peptide buyers 180 days, [Cayla]-FirstTime_Buyer_2024_Not_on_List, [Cayla]-Repeat_Buyer_2025_Not_on_List, [DEP] - All Engaged Buyers, [DEP] - All Engaged Non Purchasers, [DEP] - All Engaged Repeat Buyers - 365, [DEP] - Signed up 30 days **DO NOT TOUCH**",2025/11/14 3:45,Friday,68695,4,0.01%,443.46,45678,66.59%,63225,505,0.74%,691,95,5,0.01%,68599,96,0.14%,01K9KV43WDF83N5F6F81D4PMDJ,Email
"[DEP]251115_M1, MOP, MPS_Skip the needle",The no-needle secret to firmer skin,"NLE | Deliverability Segment ( 20days - hotmail/outlook, office365), NLE | Deliverability Segment All Other Emails (180days)",2025/11/15 9:15,Saturday,87013,65,0.07%,8509.18,56332,64.80%,78206,611,0.70%,845,107,3,0.00%,86930,83,0.10%,01K9S8TFJ8DY32VKB0G4NP1FN5,Email
[DEP]251116_Early access_Founder reminer,VIP Early Sale kicks off this Friday!,"2024 Archive Sale, Archive Sale 2025, Early Bird BFCM 2022, Early Bird BFCM 2023, Early Bird BFCM 2024, Repeat Buyers, VIP Customers, [DEP] - All Customers - Engaged, [DEP] - All Engaged Buyers, [DEP] - All Engaged Non Purchasers, [DEP] - All Engaged Repeat Buyers - 365, [DEP] Place order in 30 days",2025/11/16 4:15,Sunday,83812,35,0.04%,3756.03,56987,68.20%,79996,683,0.82%,856,218,7,0.01%,83562,250,0.30%,01K9SWKN9VSC07NTSRRSK5NQ1H,Email
[DEP]251119_Early access_In just two days,VIP Black Friday starts in 2 days!,"NLE | Deliverability Segment ( 20days - hotmail/outlook, office365), NLE | Deliverability Segment All Other Emails (180days)",2025/11/19 9:00,Wednesday,82444,17,0.02%,2607.91,52293,63.48%,72218,494,0.60%,790,107,8,0.01%,82372,72,0.09%,01KAB37X72T7GVAGEV3RZBQVNH,Email
[DEP]251120_Peptide_Clinical results don't lie,Transform your skin in just 28 days!,"""NLE | Deliverability Segment ( 20days - hotmail/outlook office365) NLE | Deliverability Segment All Other Emails (180days)""",2025/11/20 9:30,Thursday,86602,45,0.05%,6408.24,54873,63.42%,75900,497,0.57%,720,140,6,0.01%,86522,80,0.09%,01KAB790W56XKVMC10AMPDGM71,Email
[DEP]251121_VIP sale_Now live_Asia,Your VIP Sale is now LIVE!,[BFCM 2025] - Asia-Pacific,2025/11/21 7:30,Friday,362,40,11.08%,7409.43,265,73.41%,524,136,37.67%,374,0,0,0.00%,361,1,0.28%,01KAE0AT807V035NXSNN65R5YE,Email
[DEP]251121_VIP sale_Now live_US,Your VIP Sale is now LIVE!,"Early Bird BFCM 2025 - Email, Early Bird BFCM 2025 - FB, Early Bird BFCM 2025 - FB - Engaged",2025/11/21 8:30,Friday,4776,588,12.34%,100276.78,3561,74.70%,6688,1531,32.12%,3379,4,1,0.02%,4767,9,0.19%,01KAE65NSF625XBBDX662NQ2GZ,Email
[DEP]251121_VIP sale_MOP 2/3 sold out,Ends midnight: Grab your $10 MicroOperator Cream now,"""Early Bird BFCM 2025 - Email Early Bird BFCM 2025 - FB; Early Bird BFCM 2025 - FB - Engaged""",2025/11/21 13:45,Friday,5057,127,2.51%,16647.88,3509,69.50%,5806,630,12.48%,1052,3,0,0.00%,5049,8,0.16%,01KAEBG823A5B8ARF2AEKGQ8NR,Email
[DEP]251121_VIP sale_More than 3f2,Matrixyl serum for only $27? Yes please!,"Early Bird BFCM 2025 - Email, Early Bird BFCM 2025 - FB, Early Bird BFCM 2025 - FB - Engaged",2025/11/21 15:00,Friday,5141,243,4.74%,44228.9,3712,72.36%,6556,847,16.51%,1833,5,0,0.00%,5130,11,0.21%,01KAE7SEN0V4603VCR0DT7FREN,Email
[DEP]251122_VIP sale_New in peptide firming duo,NEW IN! 30% off peptide firming duo,"Early Bird BFCM 2025 - Email, Early Bird BFCM 2025 - FB, Early Bird BFCM 2025 - FB - Engaged",2025/11/22 10:00,Saturday,4998,27,0.54%,3346.25,3364,67.44%,5393,350,7.02%,539,3,0,0.00%,4988,10,0.20%,01KAG8P1GB13NYG45FNX6T12DK,Email
[DEP]251122_VIP sale_Not sure what to pick?,Hurry! VIP Sale ends tomorrow!, Early Bird BFCM 2025 - FB; Early Bird BFCM 2025 - FB - Engaged""Early Bird BFCM 2025 - Email,2025/11/22 15:00,Saturday,5141,102,1.99%,16908.16,3456,67.34%,5640,525,10.23%,959,1,0,0.00%,5132,9,0.18%,01KAGKBMTPTV4HNGVZE2E81126,Email
[DEP]251123_VIP sale_Ends soon 25% off_Non purchaser,VIP Sale ends tonight EXTRA 25% OFF for VIPs,[Cayla] - BFCM Non purchaser,2025/11/23 9:30,Sunday,4008,169,4.22%,24826.48,2639,65.94%,4320,490,12.24%,901,1,0,0.00%,4002,6,0.15%,01KAJQ2V83GV6DEYX5RX4RJFX4,Email
[DEP]251123_VIP sale_Ends soon 20% off,VIP Sale ends tonight + 20% off extended!,[Cayla] - BFCM Purchaser,2025/11/23 10:00,Sunday,1155,14,1.22%,1379.14,817,70.98%,1346,128,11.12%,261,1,0,0.00%,1151,4,0.35%,01KAJC4AZYV9R2QSXT0PEE2TMG,Email
[DEP]251123_VIP sale_MOP is back_20% off,Just in: 300 MicroOperator Creams!,[CAYLA] - 1123 - MOP 20% OFF,2025/11/23 15:00,Sunday,1154,15,1.30%,994.04,872,75.69%,1466,132,11.46%,240,0,0,0.00%,1152,2,0.17%,01KAJSBTNCRB73JFPZ4HTEGCBY,Email
[DEP]251123_VIP sale_MOP is back_25% off,Just in: 300 MicroOperator Creams!,[CAYLA] - 1123 - MOP 25% OFF,2025/11/23 15:15,Sunday,3989,61,1.53%,6664.69,2668,66.95%,4207,358,8.98%,666,6,1,0.03%,3985,4,0.10%,01KAJWSK8N4NAZ1B2CMW6K5KQ3,Email
[DEP]251124_All sale_2 days left,Our biggest Black Friday Sale kicks off in 2 days!,"2024 Archive Sale, Archive Sale 2025, Early Bird BFCM 2023, Early Bird BFCM 2024, NLE - Engaged Profiles (180 Days), NLE | Deliverability Segment ( 20days - hotmail/outlook, office365), NLE | Deliverability Segment All Other Emails (180days), [DEP] - All Engaged Buyers, [DEP] - All Engaged Non Purchasers, [DEP] - All Engaged Repeat Buyers - 365, [DEP] - Signed up 30 days **DO NOT TOUCH**",2025/11/24 8:00,Monday,85552,32,0.04%,3696.2,53645,62.81%,73497,567,0.66%,844,124,8,0.01%,85409,143,0.17%,01KAQKN9B918KXAY3CFDHPFP5N,Email
[DEP]251124_VIP sale_Extended one more day 25% off,VIP sale extended 24 hours,[Cayla] - BFCM Non purchaser,2025/11/24 8:30,Monday,3781,115,3.05%,15258.74,2456,65.04%,4047,438,11.60%,789,4,0,0.00%,3776,5,0.13%,01KANCWCT572RHVC5FVRPY9Z9B,Email
[DEP]251125_All sale_1 day left,One day left! The Black Friday Sale, Archive Sale 2025; Early Bird BFCM 2022 Early Bird BFCM 2023; Early Bird BFCM 2024; Early Bird BFCM 2025 - Email; Early Bird BFCM 2025 - FB; NLE - Engaged Profiles (180 Days); NLE | Deliverability Segment ( 20days - hotmail/outlook office365); NLE | Deliverability Segment All Other Emails (180days); [DEP] - All Customers - Engaged; [DEP] - All Engaged Buyers; [DEP] - All Engaged Non Purchasers; [DEP] - All Engaged Repeat Buyers - 365; [DEP] - Signed up 30 days **DO NOT TOUCH**""2024 Archive Sale,2025/11/25 17:00,Tuesday,85093,45,0.05%,6533.08,53623,63.21%,72832,480,0.57%,702,97,3,0.00%,84832,261,0.31%,01KAQP0PG0T5NK077MYZ6KVDJV,Email
[DEP]251126_All sale_Launch,Up to 70% off Depology best sellers!,"2024 Archive Sale, Archive Sale 2025, Early Bird BFCM 2022, Early Bird BFCM 2023, Early Bird BFCM 2024, NLE - Engaged Profiles (180 Days), NLE | Deliverability Segment ( 20days - hotmail/outlook, office365), NLE | Deliverability Segment All Other Emails (180days), [DEP] - All Customers - Engaged, [DEP] - All Engaged Buyers, [DEP] - All Engaged Non Purchasers, [DEP] - All Engaged Repeat Buyers - 365, [DEP] - Signed up 30 days **DO NOT TOUCH**",2025/11/26 13:00,Wednesday,83947,98,0.12%,14379.56,51984,62.01%,69865,670,0.80%,981,76,8,0.01%,83826,121,0.14%,01KAZ1N339FY9VM70Q6ESQZ6WC,Email
[DEP]251127_All sale_Argireline 3f2,Argirelinepeptide serum for only $27? Yes please!,"2024 Archive Sale, Archive Sale 2025, Early Bird BFCM 2022, Early Bird BFCM 2023, Early Bird BFCM 2024, NLE - Engaged Profiles (180 Days), NLE | Deliverability Segment ( 20days - hotmail/outlook, office365), NLE | Deliverability Segment All Other Emails (180days), [DEP] - All Customers - Engaged, [DEP] - All Engaged Buyers, [DEP] - All Engaged Non Purchasers, [DEP] - All Engaged Repeat Buyers - 365, [DEP] - Signed up 30 days **DO NOT TOUCH**",2025/11/27 3:00,Thursday,83931,49,0.06%,7438.04,53590,63.93%,72333,478,0.57%,772,75,7,0.01%,83822,109,0.13%,01KAZ6H6YMMRR6BX9KZ1CT3ACA,Email
[DEP]251127_ALLsale_Founder thanksgiving,Happy Thanksgiving from Alex,[Cayla] - United States Location - Engaged 120 days,2025/11/27 7:45,Thursday,72980,113,0.15%,14917.29,50679,69.55%,69867,645,0.89%,832,112,7,0.01%,72871,109,0.15%,01KAZ87073RM1JENZVCPPAJ0NR,Email
[DEP]251128_ALL sale_VIP access 2.0,It back! Your VIP 25% OFF,[Cayla] - BFCM Non purchaser,2025/11/28 3:00,Friday,3649,96,2.65%,10696.49,2296,63.39%,3441,343,9.47%,542,3,0,0.00%,3622,27,0.74%,01KAZVD0ZZCE3TW82WDG14B2N5,Email
[DEP]251128_ALL sale_Official black friday + 20% off,EXTRA 20% OFF: Black Friday just got better!,"2024 Archive Sale, Archive Sale 2025, Early Bird BFCM 2022, Early Bird BFCM 2023, Early Bird BFCM 2024, NLE - Engaged Profiles (180 Days), NLE | Deliverability Segment ( 20days - hotmail/outlook, office365), NLE | Deliverability Segment All Other Emails (180days), [DEP] - All Customers - Engaged, [DEP] - All Engaged Buyers, [DEP] - All Engaged Non Purchasers, [DEP] - All Engaged Repeat Buyers - 365, [DEP] - Signed up 30 days **DO NOT TOUCH**",2025/11/28 3:15,Friday,83427,99,0.12%,12879.02,51350,61.77%,69064,392,0.47%,724,104,7,0.01%,83130,297,0.36%,01KB1NDBQRMWXPYC6NM30Z2MNK,Email
[DEP]251128_ALL sale_Not sure what to pick?,Your top Black Friday picks for 2025,"2024 Archive Sale, Archive Sale 2025, Early Bird BFCM 2022, Early Bird BFCM 2023, Early Bird BFCM 2024, NLE - Engaged Profiles (180 Days), NLE | Deliverability Segment ( 20days - hotmail/outlook, office365), NLE | Deliverability Segment All Other Emails (180days), [DEP] - All Customers - Engaged, [DEP] - All Engaged Buyers, [DEP] - All Engaged Non Purchasers, [DEP] - All Engaged Repeat Buyers - 365, [DEP] - Signed up 30 days **DO NOT TOUCH**",2025/11/28 9:15,Friday,82752,64,0.08%,8084.43,51989,62.91%,69904,322,0.39%,543,110,9,0.01%,82642,110,0.13%,01KB1TKYMDBJ904P5TTTRNYQC2,Email
[DEP]251129_ALL sale_New in MOP,"NEW IN | Microneedling Cream, only 200 units!","2024 Archive Sale, Archive Sale 2025, Early Bird BFCM 2022, Early Bird BFCM 2023, Early Bird BFCM 2024, NLE - Engaged Profiles (180 Days), NLE | Deliverability Segment ( 20days - hotmail/outlook, office365), NLE | Deliverability Segment All Other Emails (180days), [DEP] - All Customers - Engaged, [DEP] - All Engaged Buyers, [DEP] - All Engaged Non Purchasers, [DEP] - All Engaged Repeat Buyers - 365, [DEP] - Signed up 30 days **DO NOT TOUCH**",2025/11/29 3:00,Saturday,82801,43,0.05%,4123.33,52670,63.68%,70735,488,0.59%,820,111,8,0.01%,82715,86,0.10%,01KB2AEMSQN8H6MAVVZVG7RQV1,Email
[DEP]251129_ALL sale_VIP access 2.0 ends tomorrow,Ends Tomorrow! Your VIP 25% OFF,[Cayla] - BFCM Non purchaser,2025/11/29 3:30,Saturday,3643,77,2.12%,10346.54,2244,61.75%,3271,211,5.81%,396,6,0,0.00%,3634,9,0.25%,01KB28ZHRBNW8KD8J0412NVH58,Email
[DEP]251129_All sale_Skincare under $10,Grab Your Essentials for Under $10!,"2024 Archive Sale, Archive Sale 2025, Early Bird BFCM 2022, Early Bird BFCM 2023, Early Bird BFCM 2024, NLE - Engaged Profiles (180 Days), NLE | Deliverability Segment ( 20days - hotmail/outlook, office365), NLE | Deliverability Segment All Other Emails (180days), [DEP] - All Customers - Engaged, [DEP] - All Engaged Buyers, [DEP] - All Engaged Non Purchasers, [DEP] - All Engaged Repeat Buyers - 365, [DEP] - Signed up 30 days **DO NOT TOUCH**",2025/11/29 8:00,Saturday,82702,36,0.04%,4638.81,52441,63.46%,70419,389,0.47%,1862,122,6,0.01%,82632,70,0.08%,01KB51MKQJ6B7QGZHXS6T082A5,Email
[DEP]251130_ALL sale_Firming duo 44% off,44% OFF Peptide Firming Duo,"2024 Archive Sale, Archive Sale 2025, Early Bird BFCM 2022, Early Bird BFCM 2023, Early Bird BFCM 2024, NLE - Engaged Profiles (180 Days), NLE | Deliverability Segment ( 20days - hotmail/outlook, office365), NLE | Deliverability Segment All Other Emails (180days), [DEP] - All Customers - Engaged, [DEP] - All Engaged Buyers, [DEP] - All Engaged Non Purchasers, [DEP] - All Engaged Repeat Buyers - 365, [DEP] - Signed up 30 days **DO NOT TOUCH**",2025/11/30 8:30,Sunday,82551,44,0.05%,5014.72,53024,64.29%,71514,348,0.42%,531,157,7,0.01%,82474,77,0.09%,01KB22TE56NBC431GVH8ATY9CH,Email
[DEP]251201_Cyber sale_All kick off,Cyber Monday is here!, Archive Sale 2025; Early Bird BFCM 2022 Early Bird BFCM 2023; Early Bird BFCM 2024; Early Bird BFCM 2025 - Email; Early Bird BFCM 2025 - FB; NLE - Engaged Profiles (180 Days); NLE | Deliverability Segment ( 20days - hotmail/outlook office365); NLE | Deliverability Segment All Other Emails (180days); [DEP] - All Customers - Engaged; [DEP] - All Engaged Buyers; [DEP] - All Engaged Non Purchasers; [DEP] - All Engaged Repeat Buyers - 365; [DEP] - Signed up 30 days **DO NOT TOUCH**""2024 Archive Sale,2025/12/1 3:30,Monday,84973,119,0.14%,13800.06,53182,62.63%,71649,828,0.97%,1204,182,4,0.01%,84911,62,0.07%,01KB9K2A9MHPD3YE1N61K8TQVT,Email
[DEP]251201_Cyber sale_VIP body retinol,Body Retinol 3 for 2 | VIP Only!,"Early Bird BFCM 2025 - Email, Early Bird BFCM 2025 - FB, Early Bird BFCM 2025 - FB - Engaged",2025/12/1 7:30,Monday,4920,56,1.14%,5060.54,3217,65.43%,4575,284,5.78%,471,5,1,0.02%,4917,3,0.06%,01KB9RB3RNGKTWV27CCRFR0HQQ,Email
[DEP]251202_Cyber sale_VIP retinol & cica,70% OFF Retinol & Cica is back | VIP Only!,"Early Bird BFCM 2025 - Email, Early Bird BFCM 2025 - FB, Early Bird BFCM 2025 - FB - Engaged",2025/12/2 3:30,Tuesday,4918,68,1.39%,6101.28,3253,66.24%,4629,425,8.65%,791,3,0,0.00%,4911,7,0.14%,01KBCN4FNW0R574V085MCWR22S,Email
[DEP]251202_Cyber sale_All ends tonight,CYBER20 Ends Tonight Last Chance to Save, Archive Sale 2025; Early Bird BFCM 2022 Early Bird BFCM 2023; Early Bird BFCM 2024; Early Bird BFCM 2025 - Email; Early Bird BFCM 2025 - FB; NLE - Engaged Profiles (180 Days); NLE | Deliverability Segment ( 20days - hotmail/outlook office365); NLE | Deliverability Segment All Other Emails (180days); [DEP] - All Customers - Engaged; [DEP] - All Engaged Buyers; [DEP] - All Engaged Non Purchasers; [DEP] - All Engaged Repeat Buyers - 365; [DEP] - Signed up 30 days **DO NOT TOUCH**""2024 Archive Sale,2025/12/2 14:00,Tuesday,84850,124,0.15%,13023.28,54541,64.33%,73600,688,0.81%,1094,170,8,0.01%,84783,67,0.08%,01KBCS9X7BNDCCY4EQ9ETAGJ3Q,Email
[DEP]251205_Cyber sale_End of sale 25% off kick off,EXTRA 25% OFF the Last Remaining Deals!,"2024 Archive Sale, Archive Sale 2025, Early Bird BFCM 2022, Early Bird BFCM 2023, Early Bird BFCM 2024, Early Bird BFCM 2025 - Email, Early Bird BFCM 2025 - FB, NLE - Engaged Profiles (180 Days), NLE | Deliverability Segment ( 20days - hotmail/outlook, office365), NLE | Deliverability Segment All Other Emails (180days), [DEP] - All Customers - Engaged, [DEP] - All Engaged Buyers, [DEP] - All Engaged Non Purchasers, [DEP] - All Engaged Repeat Buyers - 365, [DEP] - Signed up 30 days **DO NOT TOUCH**",2025/12/5 3:30,Friday,83628,59,0.07%,6590.54,52968,63.41%,71185,466,0.56%,881,111,5,0.01%,83537,91,0.11%,01KBMA2HVABHEC85YHT8TF4ZDZ,Email
[DEP]251206_Cyber sale_End of sale 25% off what's left,Extra 25% OFF Ends Soon,"2024 Archive Sale, Archive Sale 2025, Early Bird BFCM 2022, Early Bird BFCM 2023, Early Bird BFCM 2024, Early Bird BFCM 2025 - Email, Early Bird BFCM 2025 - FB, NLE - Engaged Profiles (180 Days), NLE | Deliverability Segment ( 20days - hotmail/outlook, office365), NLE | Deliverability Segment All Other Emails (180days), [DEP] - All Customers - Engaged, [DEP] - All Engaged Buyers, [DEP] - All Engaged Non Purchasers, [DEP] - All Engaged Repeat Buyers - 365, [DEP] - Signed up 30 days **DO NOT TOUCH**",2025/12/6 12:30,Saturday,84352,73,0.09%,7994.47,54647,64.85%,73723,427,0.51%,813,101,7,0.01%,84271,81,0.10%,01KBPA9RCHBZ0WWWCVKCA458PK,Email
[DEP]251207_Cyber sale_End of sale,It all ends tonightCyber Week Sale,"2024 Archive Sale, Archive Sale 2025, Early Bird BFCM 2022, Early Bird BFCM 2023, Early Bird BFCM 2024, Early Bird BFCM 2025 - Email, Early Bird BFCM 2025 - FB, NLE - Engaged Profiles (180 Days), NLE | Deliverability Segment ( 20days - hotmail/outlook, office365), NLE | Deliverability Segment All Other Emails (180days), [DEP] - All Customers - Engaged, [DEP] - All Engaged Buyers, [DEP] - All Engaged Non Purchasers, [DEP] - All Engaged Repeat Buyers - 365, [DEP] - Signed up 30 days **DO NOT TOUCH**",2025/12/7 8:30,Sunday,83972,62,0.07%,6954.8,54574,65.05%,73488,501,0.60%,1361,183,6,0.01%,83900,72,0.09%,01KBQJVZS969QFQ8J7HNEYSW6K,Email
[DEP]251208_Cyber sale_End of sale thank you,A note from our founder¤,[Cayla - 25BFCM Buyers],2025/12/9 9:00,Tuesday,3192,0,0.00%,0,2261,70.88%,3176,59,1.85%,65,9,0,0.00%,3190,2,0.06%,01KBYX75DYTKS8WF9RQ8V8SSQ7,Email
[DEP]2512xx_RBL_Loyal customer inquiry,Your Thoughts on Our Retinol Body Lotion? (+ a $100 thank-you),[Alex] - RBL purchased 2x,2025/12/10 3:30,Wednesday,264,0,0.00%,0,165,62.74%,240,9,3.42%,11,0,0,0.00%,263,1,0.38%,01KBY059619J8BYGN86F786E64,Email
Clone 241211_TimeDefyingSet_Holidays,[MULTIPLE VARIATIONS],"Early Bird BFCM 2023, Early Bird BFCM 2024, Early Bird BFCM 2025 - Email, [DEP] - All Engaged Buyers, [DEP] - All Engaged Non Purchasers, [DEP] - All Engaged Repeat Buyers - 365, [DEP] - Signed up 30 days **DO NOT TOUCH**",2025/12/11 8:30,Thursday,64781,25,0.04%,2361.5,43820,67.72%,58664,346,0.53%,623,104,4,0.01%,64708,73,0.11%,01KC697WT2NQRB3XYVBD3VH4K6,Email
[DEP]251212_Winter Peptide Routine set ends tonight,[MULTIPLE VARIATIONS],"Early Bird BFCM 2023, Early Bird BFCM 2024, Early Bird BFCM 2025 - Email, [DEP] - All Engaged Buyers, [DEP] - All Engaged Non Purchasers, [DEP] - All Engaged Repeat Buyers - 365, [DEP] - Signed up 30 days **DO NOT TOUCH**",2025/12/12 12:45,Friday,64545,52,0.08%,5409.74,44222,68.58%,59225,373,0.58%,652,80,6,0.01%,64486,59,0.09%,01KC8PRDAS43B80ADHCW2TK7F6,Email
[DEP]251213_Winter_Sale_Open,[MULTIPLE VARIATIONS],"[DEP] - All Engaged Buyers, [DEP] - All Engaged Non Purchasers, [DEP] - All Engaged Repeat Buyers - 365, [DEP] - Signed up 30 days **DO NOT TOUCH**",2025/12/13 12:30,Saturday,60492,63,0.10%,6489.56,42251,69.98%,56873,521,0.86%,803,94,5,0.01%,60376,116,0.19%,01KC8X1ZNBGFB3BAGMQKE23RQ4,Email
[DEP] 251215_Cutoff_expedited_USA,Need it for Christmas? EXPEDITED DELIVERY! ,[Cayla] - United States Location - Engaged 120 days,2025/12/15 3:30,Monday,67771,70,0.10%,6147.5,44037,65.05%,58375,323,0.48%,615,124,1,0.00%,67701,70,0.10%,01KCE4YBK03QRYV1K7C267NKGH,Email
[DEP] 251216_Internation_Offer,"Hurry, Santa's Offering 20% Off Your Skincare Routine! ","[DEP] - All Engaged Buyers, [DEP] - All Engaged Non Purchasers, [DEP] - All Engaged Repeat Buyers - 365, [DEP] - Signed up 30 days **DO NOT TOUCH**",2025/12/16 5:00,Tuesday,13698,14,0.10%,1540.71,8826,64.60%,11754,100,0.73%,186,9,1,0.01%,13662,36,0.26%,01KCGFNKGJ6CXWQ7Q9Z3PX9K19,Email
[DEP]251217_No Needles. No Problem.,[MULTIPLE VARIATIONS],NLE - Engaged Profiles (180 Days),2025/12/17 11:15,Wednesday,84208,36,0.04%,3690.4,53835,64.02%,70914,299,0.36%,455,142,7,0.01%,84098,110,0.13%,01KCGN9BC40TTEE7JRK6Z9DVP5,Email
[DEP] 251218_Cutoff_Lastchance_expedited_USA,Final Call for Christmas Delivery Dec 19 ,[Cayla] - United States Location - Engaged 120 days,2025/12/18 3:30,Thursday,67485,70,0.10%,7293.16,43299,64.26%,57308,289,0.43%,551,113,4,0.01%,67378,107,0.16%,01KCJJTV6YJSKFDHMTD4BX2VZN,Email
[DEP] 251221_YOUR TURN TO SHINE,After Everything Youe Givenhis Is for You,NLE - Engaged Profiles (180 Days),2025/12/21 9:00,Sunday,84101,43,0.05%,3935.08,53518,63.73%,69884,367,0.44%,609,129,5,0.01%,83970,131,0.16%,01KCNB91HHDYP02PESGF3ZED9H,Email
[DEP]251223_Winter Skin Barrier,[MULTIPLE VARIATIONS],NLE - Engaged Profiles (180 Days),2025/12/23 8:30,Tuesday,83204,30,0.04%,2873,51945,62.51%,67748,229,0.28%,362,115,8,0.01%,83104,100,0.12%,01KCR7J6TSYPBJ3K611XFMFC2B,Email
[DEP] 251225_Merry_Christmas,Merry Christmas from us ,"""NLE - Engaged Profiles (180 Days) VIP Customers; [DEP] - All Customers - Engaged; [DEP] - All Engaged Buyers; [DEP] - All Engaged Non Purchasers; [DEP] - All Engaged Repeat Buyers - 365; [DEP] - Signed up 30 days **DO NOT TOUCH**""",2025/12/25 3:30,Thursday,84049,18,0.02%,2016.98,58632,69.86%,77283,0,0.00%,0,182,6,0.01%,83929,120,0.14%,01KD4N3AVSME361WNQDWGPDMCT,Email
[DEP] 251226_What customers are saying,[MULTIPLE VARIATIONS],NLE - Engaged Profiles (180 Days),2025/12/26 11:00,Friday,82910,25,0.03%,3008.76,51748,62.51%,66492,308,0.37%,520,147,7,0.01%,82785,125,0.15%,01KD4GXP02F03GPB6GR14AGQCA,Email
[DEP]251228_Almost Gone,Stock Up: Almost Sold Out on Eye Gel Patches!,"Repeat Buyers, [DEP] - All Engaged Buyers, [DEP] - All Engaged Non Purchasers, [DEP] - All Engaged Repeat Buyers - 365, [DEP] - Signed up 30 days **DO NOT TOUCH**",2025/12/28 4:15,Sunday,74221,93,0.12%,9484.71,50053,67.54%,64606,580,0.78%,973,137,5,0.01%,74107,114,0.15%,01KDDKQKRCMR4W87DC2AG00C28,Email
[DEP]251230_Buy the Eye Cream. Get the Eye Stick Free.,Buy the Eye Cream. Get the Eye Stick Free.,"Repeat Buyers, [DEP] - All Engaged Buyers, [DEP] - All Engaged Non Purchasers, [DEP] - All Engaged Repeat Buyers - 365, [DEP] - Signed up 30 days **DO NOT TOUCH**",2025/12/30 4:15,Tuesday,73982,48,0.07%,4639.77,49053,66.39%,62827,381,0.52%,641,126,4,0.01%,73890,92,0.12%,01KDMSFCJ8CTD8G4KNBKJK30RJ,Email
[DEP]_251231_end-of-year-bestsellers,Our Most Lovedear After Year,"""NLE - Engaged Profiles (180 Days) Repeat Buyers; [DEP] - Signed up 30 days **DO NOT TOUCH**""; Reviewed 3 Times",2025/12/31 4:00,Wednesday,82806,19,0.02%,2064.02,52274,63.21%,66138,317,0.38%,524,144,6,0.01%,82695,111,0.13%,01KDQ3PSWF19ZW0DTA8WY2EAEW,Email
